,series,contestant,episode,var,value
0,1,Frank Skinner,1,score,19.0
1,1,Frank Skinner,1,win,1.0
2,1,Frank Skinner,1,score_win,19.0
3,1,Frank Skinner,2,score,9.0
4,1,Frank Skinner,2,win,0.0
5,1,Frank Skinner,3,score,15.0
6,1,Frank Skinner,3,win,0.0
7,1,Frank Skinner,4,score,14.0
8,1,Frank Skinner,4,win,0.0
9,1,Frank Skinner,5,score,20.0
10,1,Frank Skinner,5,win,1.0
11,1,Frank Skinner,5,score_win,20.0
12,1,Frank Skinner,6,score,16.0
13,1,Frank Skinner,6,win,0.0
14,1,Josh Widdicombe,1,score,13.0
15,1,Josh Widdicombe,1,win,0.0
16,1,Josh Widdicombe,2,score,16.0
17,1,Josh Widdicombe,2,win,0.0
18,1,Josh Widdicombe,3,score,22.0
19,1,Josh Widdicombe,3,win,1.0
20,1,Josh Widdicombe,3,score_win,22.0
21,1,Josh Widdicombe,4,score,16.0
22,1,Josh Widdicombe,4,win,1.0
23,1,Josh Widdicombe,4,score_win,16.0
24,1,Josh Widdicombe,5,score,18.0
25,1,Josh Widdicombe,5,win,0.0
26,1,Josh Widdicombe,6,score,9.0
27,1,Josh Widdicombe,6,win,0.0
28,1,Roisin Conaty,1,score,7.0
29,1,Roisin Conaty,1,win,0.0
30,1,Roisin Conaty,2,score,21.0
31,1,Roisin Conaty,2,win,1.0
32,1,Roisin Conaty,2,score_win,21.0
33,1,Roisin Conaty,3,score,9.0
34,1,Roisin Conaty,3,win,0.0
35,1,Roisin Conaty,4,score,9.0
36,1,Roisin Conaty,4,win,0.0
37,1,Roisin Conaty,5,score,14.0
38,1,Roisin Conaty,5,win,0.0
39,1,Roisin Conaty,6,score,8.0
40,1,Roisin Conaty,6,win,0.0
41,1,Romesh Ranganathan,1,score,19.0
42,1,Romesh Ranganathan,1,win,1.0
43,1,Romesh Ranganathan,1,score_win,19.0
44,1,Romesh Ranganathan,2,score,14.0
45,1,Romesh Ranganathan,2,win,0.0
46,1,Romesh Ranganathan,3,score,22.0
47,1,Romesh Ranganathan,3,win,1.0
48,1,Romesh Ranganathan,3,score_win,22.0
49,1,Romesh Ranganathan,4,score,10.0
50,1,Romesh Ranganathan,4,win,0.0
51,1,Romesh Ranganathan,5,score,16.0
52,1,Romesh Ranganathan,5,win,0.0
53,1,Romesh Ranganathan,6,score,12.0
54,1,Romesh Ranganathan,6,win,0.0
55,1,Tim Key,1,score,17.0
56,1,Tim Key,1,win,0.0
57,1,Tim Key,2,score,18.0
58,1,Tim Key,2,win,0.0
59,1,Tim Key,3,score,16.0
60,1,Tim Key,3,win,0.0
61,1,Tim Key,4,score,9.0
62,1,Tim Key,4,win,0.0
63,1,Tim Key,5,score,10.0
64,1,Tim Key,5,win,0.0
65,1,Tim Key,6,score,18.0
66,1,Tim Key,6,win,1.0
67,1,Tim Key,6,score_win,18.0
68,2,Doc Brown,1,score,9.0
69,2,Doc Brown,1,win,0.0
70,2,Doc Brown,2,score,18.0
71,2,Doc Brown,2,win,0.0
72,2,Doc Brown,3,score,21.0
73,2,Doc Brown,3,win,0.0
74,2,Doc Brown,4,score,18.0
75,2,Doc Brown,4,win,1.0
76,2,Doc Brown,4,score_win,18.0
77,2,Doc Brown,5,score,12.0
78,2,Doc Brown,5,win,0.0
79,2,Joe Wilkinson,1,score,8.0
80,2,Joe Wilkinson,1,win,0.0
81,2,Joe Wilkinson,2,score,13.0
82,2,Joe Wilkinson,2,win,0.0
83,2,Joe Wilkinson,3,score,25.0
84,2,Joe Wilkinson,3,win,0.0
85,2,Joe Wilkinson,4,score,12.0
86,2,Joe Wilkinson,4,win,0.0
87,2,Joe Wilkinson,5,score,11.0
88,2,Joe Wilkinson,5,win,0.0
89,2,Jon Richardson,1,score,18.0
90,2,Jon Richardson,1,win,0.0
91,2,Jon Richardson,2,score,25.0
92,2,Jon Richardson,2,win,1.0
93,2,Jon Richardson,2,score_win,25.0
94,2,Jon Richardson,3,score,17.0
95,2,Jon Richardson,3,win,0.0
96,2,Jon Richardson,4,score,17.0
97,2,Jon Richardson,4,win,0.0
98,2,Jon Richardson,5,score,13.0
99,2,Jon Richardson,5,win,0.0
100,2,Katherine Ryan,1,score,17.0
101,2,Katherine Ryan,1,win,0.0
102,2,Katherine Ryan,2,score,19.0
103,2,Katherine Ryan,2,win,0.0
104,2,Katherine Ryan,3,score,30.0
105,2,Katherine Ryan,3,win,1.0
106,2,Katherine Ryan,3,score_win,30.0
107,2,Katherine Ryan,4,score,15.0
108,2,Katherine Ryan,4,win,0.0
109,2,Katherine Ryan,5,score,13.0
110,2,Katherine Ryan,5,win,0.0
111,2,Richard Osman,1,score,20.0
112,2,Richard Osman,1,win,1.0
113,2,Richard Osman,1,score_win,20.0
114,2,Richard Osman,2,score,15.0
115,2,Richard Osman,2,win,0.0
116,2,Richard Osman,3,score,27.0
117,2,Richard Osman,3,win,0.0
118,2,Richard Osman,4,score,5.0
119,2,Richard Osman,4,win,0.0
120,2,Richard Osman,5,score,19.0
121,2,Richard Osman,5,win,1.0
122,2,Richard Osman,5,score_win,19.0
123,3,Al Murray,1,score,21.0
124,3,Al Murray,1,win,1.0
125,3,Al Murray,1,score_win,21.0
126,3,Al Murray,2,score,18.0
127,3,Al Murray,2,win,0.0
128,3,Al Murray,3,score,9.0
129,3,Al Murray,3,win,0.0
130,3,Al Murray,4,score,16.0
131,3,Al Murray,4,win,0.0
132,3,Al Murray,5,score,16.0
133,3,Al Murray,5,win,0.0
134,3,Dave Gorman,1,score,13.0
135,3,Dave Gorman,1,win,0.0
136,3,Dave Gorman,2,score,17.0
137,3,Dave Gorman,2,win,0.0
138,3,Dave Gorman,3,score,21.0
139,3,Dave Gorman,3,win,0.0
140,3,Dave Gorman,4,score,17.0
141,3,Dave Gorman,4,win,1.0
142,3,Dave Gorman,4,score_win,17.0
143,3,Dave Gorman,5,score,13.0
144,3,Dave Gorman,5,win,0.0
145,3,Paul Chowdhry,1,score,8.0
146,3,Paul Chowdhry,1,win,0.0
147,3,Paul Chowdhry,2,score,13.0
148,3,Paul Chowdhry,2,win,0.0
149,3,Paul Chowdhry,3,score,22.0
150,3,Paul Chowdhry,3,win,1.0
151,3,Paul Chowdhry,3,score_win,22.0
152,3,Paul Chowdhry,4,score,11.0
153,3,Paul Chowdhry,4,win,0.0
154,3,Paul Chowdhry,5,score,12.0
155,3,Paul Chowdhry,5,win,0.0
156,3,Rob Beckett,1,score,15.0
157,3,Rob Beckett,1,win,0.0
158,3,Rob Beckett,2,score,21.0
159,3,Rob Beckett,2,win,1.0
160,3,Rob Beckett,2,score_win,21.0
161,3,Rob Beckett,3,score,19.0
162,3,Rob Beckett,3,win,0.0
163,3,Rob Beckett,4,score,15.0
164,3,Rob Beckett,4,win,0.0
165,3,Rob Beckett,5,score,17.0
166,3,Rob Beckett,5,win,1.0
167,3,Rob Beckett,5,score_win,17.0
168,3,Sara Pascoe,1,score,16.0
169,3,Sara Pascoe,1,win,0.0
170,3,Sara Pascoe,2,score,16.0
171,3,Sara Pascoe,2,win,0.0
172,3,Sara Pascoe,3,score,17.0
173,3,Sara Pascoe,3,win,0.0
174,3,Sara Pascoe,4,score,14.0
175,3,Sara Pascoe,4,win,0.0
176,3,Sara Pascoe,5,score,9.0
177,3,Sara Pascoe,5,win,0.0
178,4,Hugh Dennis,1,score,13.0
179,4,Hugh Dennis,1,win,0.0
180,4,Hugh Dennis,2,score,17.0
181,4,Hugh Dennis,2,win,0.0
182,4,Hugh Dennis,3,score,15.0
183,4,Hugh Dennis,3,win,0.0
184,4,Hugh Dennis,4,score,17.0
185,4,Hugh Dennis,4,win,0.0
186,4,Hugh Dennis,5,score,21.0
187,4,Hugh Dennis,5,win,1.0
188,4,Hugh Dennis,5,score_win,21.0
189,4,Hugh Dennis,6,score,13.0
190,4,Hugh Dennis,6,win,0.0
191,4,Hugh Dennis,7,score,20.0
192,4,Hugh Dennis,7,win,1.0
193,4,Hugh Dennis,7,score_win,20.0
194,4,Hugh Dennis,8,score,13.0
195,4,Hugh Dennis,8,win,0.0
196,4,Joe Lycett,1,score,17.0
197,4,Joe Lycett,1,win,0.0
198,4,Joe Lycett,2,score,13.0
199,4,Joe Lycett,2,win,0.0
200,4,Joe Lycett,3,score,19.0
201,4,Joe Lycett,3,win,1.0
202,4,Joe Lycett,3,score_win,19.0
203,4,Joe Lycett,4,score,18.0
204,4,Joe Lycett,4,win,0.0
205,4,Joe Lycett,5,score,18.0
206,4,Joe Lycett,5,win,0.0
207,4,Joe Lycett,6,score,14.0
208,4,Joe Lycett,6,win,0.0
209,4,Joe Lycett,7,score,20.0
210,4,Joe Lycett,7,win,1.0
211,4,Joe Lycett,7,score_win,20.0
212,4,Joe Lycett,8,score,16.0
213,4,Joe Lycett,8,win,0.0
214,4,Lolly Adefope,1,score,13.0
215,4,Lolly Adefope,1,win,0.0
216,4,Lolly Adefope,2,score,18.0
217,4,Lolly Adefope,2,win,0.0
218,4,Lolly Adefope,3,score,12.0
219,4,Lolly Adefope,3,win,0.0
220,4,Lolly Adefope,4,score,15.0
221,4,Lolly Adefope,4,win,0.0
222,4,Lolly Adefope,5,score,15.0
223,4,Lolly Adefope,5,win,0.0
224,4,Lolly Adefope,6,score,19.0
225,4,Lolly Adefope,6,win,1.0
226,4,Lolly Adefope,6,score_win,19.0
227,4,Lolly Adefope,7,score,20.0
228,4,Lolly Adefope,7,win,1.0
229,4,Lolly Adefope,7,score_win,20.0
230,4,Lolly Adefope,8,score,13.0
231,4,Lolly Adefope,8,win,0.0
232,4,Mel Giedroyc,1,score,16.0
233,4,Mel Giedroyc,1,win,0.0
234,4,Mel Giedroyc,2,score,20.0
235,4,Mel Giedroyc,2,win,1.0
236,4,Mel Giedroyc,2,score_win,20.0
237,4,Mel Giedroyc,3,score,3.0
238,4,Mel Giedroyc,3,win,0.0
239,4,Mel Giedroyc,4,score,24.0
240,4,Mel Giedroyc,4,win,1.0
241,4,Mel Giedroyc,4,score_win,24.0
242,4,Mel Giedroyc,5,score,21.0
243,4,Mel Giedroyc,5,win,1.0
244,4,Mel Giedroyc,5,score_win,21.0
245,4,Mel Giedroyc,6,score,16.0
246,4,Mel Giedroyc,6,win,0.0
247,4,Mel Giedroyc,7,score,13.0
248,4,Mel Giedroyc,7,win,0.0
249,4,Mel Giedroyc,8,score,21.0
250,4,Mel Giedroyc,8,win,1.0
251,4,Mel Giedroyc,8,score_win,21.0
252,4,Noel Fielding,1,score,18.0
253,4,Noel Fielding,1,win,1.0
254,4,Noel Fielding,1,score_win,18.0
255,4,Noel Fielding,2,score,18.0
256,4,Noel Fielding,2,win,0.0
257,4,Noel Fielding,3,score,19.0
258,4,Noel Fielding,3,win,1.0
259,4,Noel Fielding,3,score_win,19.0
260,4,Noel Fielding,4,score,23.0
261,4,Noel Fielding,4,win,0.0
262,4,Noel Fielding,5,score,12.0
263,4,Noel Fielding,5,win,0.0
264,4,Noel Fielding,6,score,15.0
265,4,Noel Fielding,6,win,0.0
266,4,Noel Fielding,7,score,19.0
267,4,Noel Fielding,7,win,0.0
268,4,Noel Fielding,8,score,20.0
269,4,Noel Fielding,8,win,0.0
270,5,Aisling Bea,1,score,13.0
271,5,Aisling Bea,1,win,0.0
272,5,Aisling Bea,2,score,17.0
273,5,Aisling Bea,2,win,0.0
274,5,Aisling Bea,3,score,13.0
275,5,Aisling Bea,3,win,0.0
276,5,Aisling Bea,4,score,24.0
277,5,Aisling Bea,4,win,1.0
278,5,Aisling Bea,4,score_win,24.0
279,5,Aisling Bea,5,score,15.0
280,5,Aisling Bea,5,win,0.0
281,5,Aisling Bea,6,score,17.0
282,5,Aisling Bea,6,win,0.0
283,5,Aisling Bea,7,score,17.0
284,5,Aisling Bea,7,win,0.0
285,5,Aisling Bea,8,score,10.0
286,5,Aisling Bea,8,win,0.0
287,5,Bob Mortimer,1,score,18.0
288,5,Bob Mortimer,1,win,1.0
289,5,Bob Mortimer,1,score_win,18.0
290,5,Bob Mortimer,2,score,16.0
291,5,Bob Mortimer,2,win,0.0
292,5,Bob Mortimer,3,score,17.0
293,5,Bob Mortimer,3,win,1.0
294,5,Bob Mortimer,3,score_win,17.0
295,5,Bob Mortimer,4,score,21.0
296,5,Bob Mortimer,4,win,0.0
297,5,Bob Mortimer,5,score,14.0
298,5,Bob Mortimer,5,win,0.0
299,5,Bob Mortimer,6,score,18.0
300,5,Bob Mortimer,6,win,1.0
301,5,Bob Mortimer,6,score_win,18.0
302,5,Bob Mortimer,7,score,18.0
303,5,Bob Mortimer,7,win,1.0
304,5,Bob Mortimer,7,score_win,18.0
305,5,Bob Mortimer,8,score,15.0
306,5,Bob Mortimer,8,win,0.0
307,5,Mark Watson,1,score,17.0
308,5,Mark Watson,1,win,0.0
309,5,Mark Watson,2,score,19.0
310,5,Mark Watson,2,win,0.0
311,5,Mark Watson,3,score,15.0
312,5,Mark Watson,3,win,0.0
313,5,Mark Watson,4,score,24.0
314,5,Mark Watson,4,win,1.0
315,5,Mark Watson,4,score_win,24.0
316,5,Mark Watson,5,score,16.0
317,5,Mark Watson,5,win,1.0
318,5,Mark Watson,5,score_win,16.0
319,5,Mark Watson,6,score,13.0
320,5,Mark Watson,6,win,0.0
321,5,Mark Watson,7,score,15.0
322,5,Mark Watson,7,win,0.0
323,5,Mark Watson,8,score,11.0
324,5,Mark Watson,8,win,0.0
325,5,Nish Kumar,1,score,13.0
326,5,Nish Kumar,1,win,0.0
327,5,Nish Kumar,2,score,19.0
328,5,Nish Kumar,2,win,0.0
329,5,Nish Kumar,3,score,12.0
330,5,Nish Kumar,3,win,0.0
331,5,Nish Kumar,4,score,12.0
332,5,Nish Kumar,4,win,0.0
333,5,Nish Kumar,5,score,13.0
334,5,Nish Kumar,5,win,0.0
335,5,Nish Kumar,6,score,12.0
336,5,Nish Kumar,6,win,0.0
337,5,Nish Kumar,7,score,12.0
338,5,Nish Kumar,7,win,0.0
339,5,Nish Kumar,8,score,14.0
340,5,Nish Kumar,8,win,0.0
341,5,Sally Phillips,1,score,14.0
342,5,Sally Phillips,1,win,0.0
343,5,Sally Phillips,2,score,20.0
344,5,Sally Phillips,2,win,1.0
345,5,Sally Phillips,2,score_win,20.0
346,5,Sally Phillips,3,score,16.0
347,5,Sally Phillips,3,win,0.0
348,5,Sally Phillips,4,score,15.0
349,5,Sally Phillips,4,win,0.0
350,5,Sally Phillips,5,score,14.0
351,5,Sally Phillips,5,win,0.0
352,5,Sally Phillips,6,score,18.0
353,5,Sally Phillips,6,win,1.0
354,5,Sally Phillips,6,score_win,18.0
355,5,Sally Phillips,7,score,16.0
356,5,Sally Phillips,7,win,0.0
357,5,Sally Phillips,8,score,16.0
358,5,Sally Phillips,8,win,1.0
359,5,Sally Phillips,8,score_win,16.0
360,6,Alice Levine,1,score,18.0
361,6,Alice Levine,1,win,1.0
362,6,Alice Levine,1,score_win,18.0
363,6,Alice Levine,2,score,13.0
364,6,Alice Levine,2,win,0.0
365,6,Alice Levine,3,score,6.0
366,6,Alice Levine,3,win,0.0
367,6,Alice Levine,4,score,23.0
368,6,Alice Levine,4,win,0.0
369,6,Alice Levine,5,score,16.0
370,6,Alice Levine,5,win,0.0
371,6,Alice Levine,6,score,15.0
372,6,Alice Levine,6,win,0.0
373,6,Alice Levine,7,score,14.0
374,6,Alice Levine,7,win,0.0
375,6,Alice Levine,8,score,13.0
376,6,Alice Levine,8,win,0.0
377,6,Alice Levine,9,score,18.0
378,6,Alice Levine,9,win,1.0
379,6,Alice Levine,9,score_win,18.0
380,6,Alice Levine,10,score,16.0
381,6,Alice Levine,10,win,0.0
382,6,Asim Chaudhry,1,score,8.0
383,6,Asim Chaudhry,1,win,0.0
384,6,Asim Chaudhry,2,score,13.0
385,6,Asim Chaudhry,2,win,0.0
386,6,Asim Chaudhry,3,score,19.0
387,6,Asim Chaudhry,3,win,0.0
388,6,Asim Chaudhry,4,score,18.0
389,6,Asim Chaudhry,4,win,0.0
390,6,Asim Chaudhry,5,score,19.0
391,6,Asim Chaudhry,5,win,0.0
392,6,Asim Chaudhry,6,score,17.0
393,6,Asim Chaudhry,6,win,0.0
394,6,Asim Chaudhry,7,score,15.0
395,6,Asim Chaudhry,7,win,0.0
396,6,Asim Chaudhry,8,score,16.0
397,6,Asim Chaudhry,8,win,0.0
398,6,Asim Chaudhry,9,score,12.0
399,6,Asim Chaudhry,9,win,0.0
400,6,Asim Chaudhry,10,score,22.0
401,6,Asim Chaudhry,10,win,1.0
402,6,Asim Chaudhry,10,score_win,22.0
403,6,Liza Tarbuck,1,score,17.0
404,6,Liza Tarbuck,1,win,0.0
405,6,Liza Tarbuck,2,score,19.0
406,6,Liza Tarbuck,2,win,1.0
407,6,Liza Tarbuck,2,score_win,19.0
408,6,Liza Tarbuck,3,score,22.0
409,6,Liza Tarbuck,3,win,1.0
410,6,Liza Tarbuck,3,score_win,22.0
411,6,Liza Tarbuck,4,score,20.0
412,6,Liza Tarbuck,4,win,0.0
413,6,Liza Tarbuck,5,score,25.0
414,6,Liza Tarbuck,5,win,0.0
415,6,Liza Tarbuck,6,score,20.0
416,6,Liza Tarbuck,6,win,0.0
417,6,Liza Tarbuck,7,score,17.0
418,6,Liza Tarbuck,7,win,0.0
419,6,Liza Tarbuck,8,score,17.0
420,6,Liza Tarbuck,8,win,1.0
421,6,Liza Tarbuck,8,score_win,17.0
422,6,Liza Tarbuck,9,score,14.0
423,6,Liza Tarbuck,9,win,0.0
424,6,Liza Tarbuck,10,score,10.0
425,6,Liza Tarbuck,10,win,0.0
426,6,Russell Howard,1,score,18.0
427,6,Russell Howard,1,win,1.0
428,6,Russell Howard,1,score_win,18.0
429,6,Russell Howard,2,score,14.0
430,6,Russell Howard,2,win,0.0
431,6,Russell Howard,3,score,16.0
432,6,Russell Howard,3,win,0.0
433,6,Russell Howard,4,score,24.0
434,6,Russell Howard,4,win,1.0
435,6,Russell Howard,4,score_win,24.0
436,6,Russell Howard,5,score,21.0
437,6,Russell Howard,5,win,0.0
438,6,Russell Howard,6,score,12.0
439,6,Russell Howard,6,win,0.0
440,6,Russell Howard,7,score,21.0
441,6,Russell Howard,7,win,1.0
442,6,Russell Howard,7,score_win,21.0
443,6,Russell Howard,8,score,17.0
444,6,Russell Howard,8,win,1.0
445,6,Russell Howard,8,score_win,17.0
446,6,Russell Howard,9,score,15.0
447,6,Russell Howard,9,win,0.0
448,6,Russell Howard,10,score,12.0
449,6,Russell Howard,10,win,0.0
450,6,Tim Vine,1,score,11.0
451,6,Tim Vine,1,win,0.0
452,6,Tim Vine,2,score,14.0
453,6,Tim Vine,2,win,0.0
454,6,Tim Vine,3,score,15.0
455,6,Tim Vine,3,win,0.0
456,6,Tim Vine,4,score,21.0
457,6,Tim Vine,4,win,0.0
458,6,Tim Vine,5,score,26.0
459,6,Tim Vine,5,win,1.0
460,6,Tim Vine,5,score_win,26.0
461,6,Tim Vine,6,score,23.0
462,6,Tim Vine,6,win,1.0
463,6,Tim Vine,6,score_win,23.0
464,6,Tim Vine,7,score,20.0
465,6,Tim Vine,7,win,0.0
466,6,Tim Vine,8,score,16.0
467,6,Tim Vine,8,win,0.0
468,6,Tim Vine,9,score,16.0
469,6,Tim Vine,9,win,0.0
470,6,Tim Vine,10,score,13.0
471,6,Tim Vine,10,win,0.0
472,7,James Acaster,1,score,11.0
473,7,James Acaster,1,win,0.0
474,7,James Acaster,2,score,16.0
475,7,James Acaster,2,win,0.0
476,7,James Acaster,3,score,18.0
477,7,James Acaster,3,win,1.0
478,7,James Acaster,3,score_win,18.0
479,7,James Acaster,4,score,17.0
480,7,James Acaster,4,win,1.0
481,7,James Acaster,4,score_win,17.0
482,7,James Acaster,5,score,20.0
483,7,James Acaster,5,win,0.0
484,7,James Acaster,6,score,19.0
485,7,James Acaster,6,win,1.0
486,7,James Acaster,6,score_win,19.0
487,7,James Acaster,7,score,15.0
488,7,James Acaster,7,win,0.0
489,7,James Acaster,8,score,16.0
490,7,James Acaster,8,win,0.0
491,7,James Acaster,9,score,14.0
492,7,James Acaster,9,win,0.0
493,7,James Acaster,10,score,19.0
494,7,James Acaster,10,win,1.0
495,7,James Acaster,10,score_win,19.0
496,7,Jessica Knappett,1,score,14.0
497,7,Jessica Knappett,1,win,0.0
498,7,Jessica Knappett,2,score,23.0
499,7,Jessica Knappett,2,win,1.0
500,7,Jessica Knappett,2,score_win,23.0
501,7,Jessica Knappett,3,score,15.0
502,7,Jessica Knappett,3,win,0.0
503,7,Jessica Knappett,4,score,16.0
504,7,Jessica Knappett,4,win,0.0
505,7,Jessica Knappett,5,score,25.0
506,7,Jessica Knappett,5,win,1.0
507,7,Jessica Knappett,5,score_win,25.0
508,7,Jessica Knappett,6,score,16.0
509,7,Jessica Knappett,6,win,0.0
510,7,Jessica Knappett,7,score,18.0
511,7,Jessica Knappett,7,win,0.0
512,7,Jessica Knappett,8,score,19.0
513,7,Jessica Knappett,8,win,0.0
514,7,Jessica Knappett,9,score,18.0
515,7,Jessica Knappett,9,win,0.0
516,7,Jessica Knappett,10,score,11.0
517,7,Jessica Knappett,10,win,0.0
518,7,Kerry Godliman,1,score,20.0
519,7,Kerry Godliman,1,win,1.0
520,7,Kerry Godliman,1,score_win,20.0
521,7,Kerry Godliman,2,score,23.0
522,7,Kerry Godliman,2,win,1.0
523,7,Kerry Godliman,2,score_win,23.0
524,7,Kerry Godliman,3,score,17.0
525,7,Kerry Godliman,3,win,0.0
526,7,Kerry Godliman,4,score,16.0
527,7,Kerry Godliman,4,win,0.0
528,7,Kerry Godliman,5,score,17.0
529,7,Kerry Godliman,5,win,0.0
530,7,Kerry Godliman,6,score,17.0
531,7,Kerry Godliman,6,win,0.0
532,7,Kerry Godliman,7,score,14.0
533,7,Kerry Godliman,7,win,0.0
534,7,Kerry Godliman,8,score,16.0
535,7,Kerry Godliman,8,win,0.0
536,7,Kerry Godliman,9,score,21.0
537,7,Kerry Godliman,9,win,1.0
538,7,Kerry Godliman,9,score_win,21.0
539,7,Kerry Godliman,10,score,15.0
540,7,Kerry Godliman,10,win,0.0
541,7,Phil Wang,1,score,13.0
542,7,Phil Wang,1,win,0.0
543,7,Phil Wang,2,score,19.0
544,7,Phil Wang,2,win,0.0
545,7,Phil Wang,3,score,15.0
546,7,Phil Wang,3,win,0.0
547,7,Phil Wang,4,score,12.0
548,7,Phil Wang,4,win,0.0
549,7,Phil Wang,5,score,9.0
550,7,Phil Wang,5,win,0.0
551,7,Phil Wang,6,score,17.0
552,7,Phil Wang,6,win,0.0
553,7,Phil Wang,7,score,15.0
554,7,Phil Wang,7,win,0.0
555,7,Phil Wang,8,score,9.0
556,7,Phil Wang,8,win,0.0
557,7,Phil Wang,9,score,11.0
558,7,Phil Wang,9,win,0.0
559,7,Phil Wang,10,score,13.0
560,7,Phil Wang,10,win,0.0
561,7,Rhod Gilbert,1,score,19.0
562,7,Rhod Gilbert,1,win,0.0
563,7,Rhod Gilbert,2,score,22.0
564,7,Rhod Gilbert,2,win,0.0
565,7,Rhod Gilbert,3,score,9.0
566,7,Rhod Gilbert,3,win,0.0
567,7,Rhod Gilbert,4,score,17.0
568,7,Rhod Gilbert,4,win,1.0
569,7,Rhod Gilbert,4,score_win,17.0
570,7,Rhod Gilbert,5,score,18.0
571,7,Rhod Gilbert,5,win,0.0
572,7,Rhod Gilbert,6,score,18.0
573,7,Rhod Gilbert,6,win,0.0
574,7,Rhod Gilbert,7,score,21.0
575,7,Rhod Gilbert,7,win,1.0
576,7,Rhod Gilbert,7,score_win,21.0
577,7,Rhod Gilbert,8,score,20.0
578,7,Rhod Gilbert,8,win,1.0
579,7,Rhod Gilbert,8,score_win,20.0
580,7,Rhod Gilbert,9,score,9.0
581,7,Rhod Gilbert,9,win,0.0
582,7,Rhod Gilbert,10,score,14.0
583,7,Rhod Gilbert,10,win,0.0
584,8,Iain Stirling,1,score,20.0
585,8,Iain Stirling,1,win,1.0
586,8,Iain Stirling,1,score_win,20.0
587,8,Iain Stirling,2,score,13.0
588,8,Iain Stirling,2,win,0.0
589,8,Iain Stirling,3,score,17.0
590,8,Iain Stirling,3,win,0.0
591,8,Iain Stirling,4,score,10.0
592,8,Iain Stirling,4,win,0.0
593,8,Iain Stirling,5,score,21.0
594,8,Iain Stirling,5,win,1.0
595,8,Iain Stirling,5,score_win,21.0
596,8,Iain Stirling,6,score,10.0
597,8,Iain Stirling,6,win,0.0
598,8,Iain Stirling,7,score,10.0
599,8,Iain Stirling,7,win,0.0
600,8,Iain Stirling,8,score,18.0
601,8,Iain Stirling,8,win,0.0
602,8,Iain Stirling,9,score,19.0
603,8,Iain Stirling,9,win,0.0
604,8,Iain Stirling,10,score,18.0
605,8,Iain Stirling,10,win,1.0
606,8,Iain Stirling,10,score_win,18.0
607,8,Joe Thomas,1,score,12.0
608,8,Joe Thomas,1,win,0.0
609,8,Joe Thomas,2,score,20.0
610,8,Joe Thomas,2,win,0.0
611,8,Joe Thomas,3,score,10.0
612,8,Joe Thomas,3,win,0.0
613,8,Joe Thomas,4,score,15.0
614,8,Joe Thomas,4,win,1.0
615,8,Joe Thomas,4,score_win,15.0
616,8,Joe Thomas,5,score,20.0
617,8,Joe Thomas,5,win,0.0
618,8,Joe Thomas,6,score,14.0
619,8,Joe Thomas,6,win,0.0
620,8,Joe Thomas,7,score,24.0
621,8,Joe Thomas,7,win,1.0
622,8,Joe Thomas,7,score_win,24.0
623,8,Joe Thomas,8,score,7.0
624,8,Joe Thomas,8,win,0.0
625,8,Joe Thomas,9,score,16.0
626,8,Joe Thomas,9,win,0.0
627,8,Joe Thomas,10,score,12.0
628,8,Joe Thomas,10,win,0.0
629,8,Lou Sanders,1,score,20.0
630,8,Lou Sanders,1,win,1.0
631,8,Lou Sanders,1,score_win,20.0
632,8,Lou Sanders,2,score,21.0
633,8,Lou Sanders,2,win,1.0
634,8,Lou Sanders,2,score_win,21.0
635,8,Lou Sanders,3,score,19.0
636,8,Lou Sanders,3,win,1.0
637,8,Lou Sanders,3,score_win,19.0
638,8,Lou Sanders,4,score,15.0
639,8,Lou Sanders,4,win,1.0
640,8,Lou Sanders,4,score_win,15.0
641,8,Lou Sanders,5,score,20.0
642,8,Lou Sanders,5,win,0.0
643,8,Lou Sanders,6,score,12.0
644,8,Lou Sanders,6,win,0.0
645,8,Lou Sanders,7,score,13.0
646,8,Lou Sanders,7,win,0.0
647,8,Lou Sanders,8,score,12.0
648,8,Lou Sanders,8,win,0.0
649,8,Lou Sanders,9,score,20.0
650,8,Lou Sanders,9,win,1.0
651,8,Lou Sanders,9,score_win,20.0
652,8,Lou Sanders,10,score,12.0
653,8,Lou Sanders,10,win,0.0
654,8,Paul Sinha,1,score,10.0
655,8,Paul Sinha,1,win,0.0
656,8,Paul Sinha,2,score,19.0
657,8,Paul Sinha,2,win,0.0
658,8,Paul Sinha,3,score,11.0
659,8,Paul Sinha,3,win,0.0
660,8,Paul Sinha,4,score,11.0
661,8,Paul Sinha,4,win,0.0
662,8,Paul Sinha,5,score,14.0
663,8,Paul Sinha,5,win,0.0
664,8,Paul Sinha,6,score,9.0
665,8,Paul Sinha,6,win,0.0
666,8,Paul Sinha,7,score,13.0
667,8,Paul Sinha,7,win,0.0
668,8,Paul Sinha,8,score,21.0
669,8,Paul Sinha,8,win,1.0
670,8,Paul Sinha,8,score_win,21.0
671,8,Paul Sinha,9,score,17.0
672,8,Paul Sinha,9,win,0.0
673,8,Paul Sinha,10,score,11.0
674,8,Paul Sinha,10,win,0.0
675,8,Sian Gibson,1,score,16.0
676,8,Sian Gibson,1,win,0.0
677,8,Sian Gibson,2,score,16.0
678,8,Sian Gibson,2,win,0.0
679,8,Sian Gibson,3,score,16.0
680,8,Sian Gibson,3,win,0.0
681,8,Sian Gibson,4,score,15.0
682,8,Sian Gibson,4,win,1.0
683,8,Sian Gibson,4,score_win,15.0
684,8,Sian Gibson,5,score,17.0
685,8,Sian Gibson,5,win,0.0
686,8,Sian Gibson,6,score,15.0
687,8,Sian Gibson,6,win,1.0
688,8,Sian Gibson,6,score_win,15.0
689,8,Sian Gibson,7,score,11.0
690,8,Sian Gibson,7,win,0.0
691,8,Sian Gibson,8,score,8.0
692,8,Sian Gibson,8,win,0.0
693,8,Sian Gibson,9,score,16.0
694,8,Sian Gibson,9,win,0.0
695,8,Sian Gibson,10,score,13.0
696,8,Sian Gibson,10,win,0.0
697,9,David Baddiel,1,score,14.0
698,9,David Baddiel,1,win,0.0
699,9,David Baddiel,2,score,10.0
700,9,David Baddiel,2,win,0.0
701,9,David Baddiel,3,score,17.0
702,9,David Baddiel,3,win,0.0
703,9,David Baddiel,4,score,12.0
704,9,David Baddiel,4,win,0.0
705,9,David Baddiel,5,score,12.0
706,9,David Baddiel,5,win,0.0
707,9,David Baddiel,6,score,10.0
708,9,David Baddiel,6,win,0.0
709,9,David Baddiel,7,score,14.0
710,9,David Baddiel,7,win,0.0
711,9,David Baddiel,8,score,10.0
712,9,David Baddiel,8,win,0.0
713,9,David Baddiel,9,score,19.0
714,9,David Baddiel,9,win,1.0
715,9,David Baddiel,9,score_win,19.0
716,9,David Baddiel,10,score,10.0
717,9,David Baddiel,10,win,0.0
718,9,Ed Gamble,1,score,16.0
719,9,Ed Gamble,1,win,0.0
720,9,Ed Gamble,2,score,19.0
721,9,Ed Gamble,2,win,1.0
722,9,Ed Gamble,2,score_win,19.0
723,9,Ed Gamble,3,score,17.0
724,9,Ed Gamble,3,win,0.0
725,9,Ed Gamble,4,score,16.0
726,9,Ed Gamble,4,win,0.0
727,9,Ed Gamble,5,score,14.0
728,9,Ed Gamble,5,win,0.0
729,9,Ed Gamble,6,score,19.0
730,9,Ed Gamble,6,win,1.0
731,9,Ed Gamble,6,score_win,19.0
732,9,Ed Gamble,7,score,17.0
733,9,Ed Gamble,7,win,0.0
734,9,Ed Gamble,8,score,20.0
735,9,Ed Gamble,8,win,1.0
736,9,Ed Gamble,8,score_win,20.0
737,9,Ed Gamble,9,score,17.0
738,9,Ed Gamble,9,win,0.0
739,9,Ed Gamble,10,score,12.0
740,9,Ed Gamble,10,win,1.0
741,9,Ed Gamble,10,score_win,12.0
742,9,Jo Brand,1,score,12.0
743,9,Jo Brand,1,win,0.0
744,9,Jo Brand,2,score,15.0
745,9,Jo Brand,2,win,0.0
746,9,Jo Brand,3,score,15.0
747,9,Jo Brand,3,win,0.0
748,9,Jo Brand,4,score,16.0
749,9,Jo Brand,4,win,0.0
750,9,Jo Brand,5,score,19.0
751,9,Jo Brand,5,win,1.0
752,9,Jo Brand,5,score_win,19.0
753,9,Jo Brand,6,score,16.0
754,9,Jo Brand,6,win,0.0
755,9,Jo Brand,7,score,22.0
756,9,Jo Brand,7,win,0.0
757,9,Jo Brand,8,score,15.0
758,9,Jo Brand,8,win,0.0
759,9,Jo Brand,9,score,14.0
760,9,Jo Brand,9,win,0.0
761,9,Jo Brand,10,score,10.0
762,9,Jo Brand,10,win,0.0
763,9,Katy Wix,1,score,12.0
764,9,Katy Wix,1,win,0.0
765,9,Katy Wix,2,score,18.0
766,9,Katy Wix,2,win,0.0
767,9,Katy Wix,3,score,23.0
768,9,Katy Wix,3,win,1.0
769,9,Katy Wix,3,score_win,23.0
770,9,Katy Wix,4,score,11.0
771,9,Katy Wix,4,win,0.0
772,9,Katy Wix,5,score,16.0
773,9,Katy Wix,5,win,0.0
774,9,Katy Wix,6,score,13.0
775,9,Katy Wix,6,win,0.0
776,9,Katy Wix,7,score,24.0
777,9,Katy Wix,7,win,1.0
778,9,Katy Wix,7,score_win,24.0
779,9,Katy Wix,8,score,15.0
780,9,Katy Wix,8,win,0.0
781,9,Katy Wix,9,score,17.0
782,9,Katy Wix,9,win,0.0
783,9,Katy Wix,10,score,9.0
784,9,Katy Wix,10,win,0.0
785,9,Rose Matafeo,1,score,17.0
786,9,Rose Matafeo,1,win,1.0
787,9,Rose Matafeo,1,score_win,17.0
788,9,Rose Matafeo,2,score,15.0
789,9,Rose Matafeo,2,win,0.0
790,9,Rose Matafeo,3,score,20.0
791,9,Rose Matafeo,3,win,0.0
792,9,Rose Matafeo,4,score,18.0
793,9,Rose Matafeo,4,win,1.0
794,9,Rose Matafeo,4,score_win,18.0
795,9,Rose Matafeo,5,score,18.0
796,9,Rose Matafeo,5,win,0.0
797,9,Rose Matafeo,6,score,14.0
798,9,Rose Matafeo,6,win,0.0
799,9,Rose Matafeo,7,score,11.0
800,9,Rose Matafeo,7,win,0.0
801,9,Rose Matafeo,8,score,17.0
802,9,Rose Matafeo,8,win,0.0
803,9,Rose Matafeo,9,score,17.0
804,9,Rose Matafeo,9,win,0.0
805,9,Rose Matafeo,10,score,12.0
806,9,Rose Matafeo,10,win,1.0
807,9,Rose Matafeo,10,score_win,12.0
808,10,Daisy May Cooper,1,score,11.0
809,10,Daisy May Cooper,1,win,0.0
810,10,Daisy May Cooper,2,score,18.0
811,10,Daisy May Cooper,2,win,0.0
812,10,Daisy May Cooper,3,score,19.0
813,10,Daisy May Cooper,3,win,1.0
814,10,Daisy May Cooper,3,score_win,19.0
815,10,Daisy May Cooper,4,score,19.0
816,10,Daisy May Cooper,4,win,1.0
817,10,Daisy May Cooper,4,score_win,19.0
818,10,Daisy May Cooper,5,score,24.0
819,10,Daisy May Cooper,5,win,0.0
820,10,Daisy May Cooper,6,score,14.0
821,10,Daisy May Cooper,6,win,0.0
822,10,Daisy May Cooper,7,score,11.0
823,10,Daisy May Cooper,7,win,0.0
824,10,Daisy May Cooper,8,score,7.0
825,10,Daisy May Cooper,8,win,0.0
826,10,Daisy May Cooper,9,score,20.0
827,10,Daisy May Cooper,9,win,0.0
828,10,Daisy May Cooper,10,score,15.0
829,10,Daisy May Cooper,10,win,0.0
830,10,Johnny Vegas,1,score,10.0
831,10,Johnny Vegas,1,win,0.0
832,10,Johnny Vegas,2,score,15.0
833,10,Johnny Vegas,2,win,0.0
834,10,Johnny Vegas,3,score,17.0
835,10,Johnny Vegas,3,win,0.0
836,10,Johnny Vegas,4,score,17.0
837,10,Johnny Vegas,4,win,0.0
838,10,Johnny Vegas,5,score,15.0
839,10,Johnny Vegas,5,win,0.0
840,10,Johnny Vegas,6,score,19.0
841,10,Johnny Vegas,6,win,0.0
842,10,Johnny Vegas,7,score,16.0
843,10,Johnny Vegas,7,win,1.0
844,10,Johnny Vegas,7,score_win,16.0
845,10,Johnny Vegas,8,score,12.0
846,10,Johnny Vegas,8,win,0.0
847,10,Johnny Vegas,9,score,9.0
848,10,Johnny Vegas,9,win,0.0
849,10,Johnny Vegas,10,score,9.0
850,10,Johnny Vegas,10,win,0.0
851,10,Katherine Parkinson,1,score,6.0
852,10,Katherine Parkinson,1,win,0.0
853,10,Katherine Parkinson,2,score,19.0
854,10,Katherine Parkinson,2,win,1.0
855,10,Katherine Parkinson,2,score_win,19.0
856,10,Katherine Parkinson,3,score,7.0
857,10,Katherine Parkinson,3,win,0.0
858,10,Katherine Parkinson,4,score,15.0
859,10,Katherine Parkinson,4,win,0.0
860,10,Katherine Parkinson,5,score,20.0
861,10,Katherine Parkinson,5,win,0.0
862,10,Katherine Parkinson,6,score,10.0
863,10,Katherine Parkinson,6,win,0.0
864,10,Katherine Parkinson,7,score,13.0
865,10,Katherine Parkinson,7,win,0.0
866,10,Katherine Parkinson,8,score,12.0
867,10,Katherine Parkinson,8,win,0.0
868,10,Katherine Parkinson,9,score,6.0
869,10,Katherine Parkinson,9,win,0.0
870,10,Katherine Parkinson,10,score,10.0
871,10,Katherine Parkinson,10,win,0.0
872,10,Mawaan Rizwan,1,score,8.0
873,10,Mawaan Rizwan,1,win,0.0
874,10,Mawaan Rizwan,2,score,16.0
875,10,Mawaan Rizwan,2,win,0.0
876,10,Mawaan Rizwan,3,score,14.0
877,10,Mawaan Rizwan,3,win,0.0
878,10,Mawaan Rizwan,4,score,13.0
879,10,Mawaan Rizwan,4,win,0.0
880,10,Mawaan Rizwan,5,score,17.0
881,10,Mawaan Rizwan,5,win,0.0
882,10,Mawaan Rizwan,6,score,22.0
883,10,Mawaan Rizwan,6,win,1.0
884,10,Mawaan Rizwan,6,score_win,22.0
885,10,Mawaan Rizwan,7,score,16.0
886,10,Mawaan Rizwan,7,win,1.0
887,10,Mawaan Rizwan,7,score_win,16.0
888,10,Mawaan Rizwan,8,score,10.0
889,10,Mawaan Rizwan,8,win,0.0
890,10,Mawaan Rizwan,9,score,18.0
891,10,Mawaan Rizwan,9,win,0.0
892,10,Mawaan Rizwan,10,score,17.0
893,10,Mawaan Rizwan,10,win,1.0
894,10,Mawaan Rizwan,10,score_win,17.0
895,10,Richard Herring,1,score,12.0
896,10,Richard Herring,1,win,1.0
897,10,Richard Herring,1,score_win,12.0
898,10,Richard Herring,2,score,19.0
899,10,Richard Herring,2,win,1.0
900,10,Richard Herring,2,score_win,19.0
901,10,Richard Herring,3,score,15.0
902,10,Richard Herring,3,win,0.0
903,10,Richard Herring,4,score,13.0
904,10,Richard Herring,4,win,0.0
905,10,Richard Herring,5,score,26.0
906,10,Richard Herring,5,win,1.0
907,10,Richard Herring,5,score_win,26.0
908,10,Richard Herring,6,score,12.0
909,10,Richard Herring,6,win,0.0
910,10,Richard Herring,7,score,9.0
911,10,Richard Herring,7,win,0.0
912,10,Richard Herring,8,score,18.0
913,10,Richard Herring,8,win,1.0
914,10,Richard Herring,8,score_win,18.0
915,10,Richard Herring,9,score,21.0
916,10,Richard Herring,9,win,1.0
917,10,Richard Herring,9,score_win,21.0
918,10,Richard Herring,10,score,17.0
919,10,Richard Herring,10,win,1.0
920,10,Richard Herring,10,score_win,17.0
921,11,Charlotte Ritchie,1,score,5.0
922,11,Charlotte Ritchie,1,win,0.0
923,11,Charlotte Ritchie,2,score,12.0
924,11,Charlotte Ritchie,2,win,0.0
925,11,Charlotte Ritchie,3,score,11.0
926,11,Charlotte Ritchie,3,win,0.0
927,11,Charlotte Ritchie,4,score,13.0
928,11,Charlotte Ritchie,4,win,0.0
929,11,Charlotte Ritchie,5,score,17.0
930,11,Charlotte Ritchie,5,win,1.0
931,11,Charlotte Ritchie,5,score_win,17.0
932,11,Charlotte Ritchie,6,score,11.0
933,11,Charlotte Ritchie,6,win,0.0
934,11,Charlotte Ritchie,7,score,9.0
935,11,Charlotte Ritchie,7,win,0.0
936,11,Charlotte Ritchie,8,score,11.0
937,11,Charlotte Ritchie,8,win,0.0
938,11,Charlotte Ritchie,9,score,20.0
939,11,Charlotte Ritchie,9,win,1.0
940,11,Charlotte Ritchie,9,score_win,20.0
941,11,Charlotte Ritchie,10,score,16.0
942,11,Charlotte Ritchie,10,win,0.0
943,11,Jamali Maddix,1,score,7.0
944,11,Jamali Maddix,1,win,0.0
945,11,Jamali Maddix,2,score,13.0
946,11,Jamali Maddix,2,win,0.0
947,11,Jamali Maddix,3,score,11.0
948,11,Jamali Maddix,3,win,0.0
949,11,Jamali Maddix,4,score,21.0
950,11,Jamali Maddix,4,win,0.0
951,11,Jamali Maddix,5,score,15.0
952,11,Jamali Maddix,5,win,0.0
953,11,Jamali Maddix,6,score,17.0
954,11,Jamali Maddix,6,win,1.0
955,11,Jamali Maddix,6,score_win,17.0
956,11,Jamali Maddix,7,score,12.0
957,11,Jamali Maddix,7,win,0.0
958,11,Jamali Maddix,8,score,16.0
959,11,Jamali Maddix,8,win,0.0
960,11,Jamali Maddix,9,score,13.0
961,11,Jamali Maddix,9,win,0.0
962,11,Jamali Maddix,10,score,12.0
963,11,Jamali Maddix,10,win,0.0
964,11,Lee Mack,1,score,17.0
965,11,Lee Mack,1,win,0.0
966,11,Lee Mack,2,score,16.0
967,11,Lee Mack,2,win,0.0
968,11,Lee Mack,3,score,18.0
969,11,Lee Mack,3,win,0.0
970,11,Lee Mack,4,score,7.0
971,11,Lee Mack,4,win,0.0
972,11,Lee Mack,5,score,12.0
973,11,Lee Mack,5,win,0.0
974,11,Lee Mack,6,score,13.0
975,11,Lee Mack,6,win,0.0
976,11,Lee Mack,7,score,22.0
977,11,Lee Mack,7,win,1.0
978,11,Lee Mack,7,score_win,22.0
979,11,Lee Mack,8,score,18.0
980,11,Lee Mack,8,win,1.0
981,11,Lee Mack,8,score_win,18.0
982,11,Lee Mack,9,score,9.0
983,11,Lee Mack,9,win,0.0
984,11,Lee Mack,10,score,19.0
985,11,Lee Mack,10,win,1.0
986,11,Lee Mack,10,score_win,19.0
987,11,Mike Wozniak,1,score,17.0
988,11,Mike Wozniak,1,win,0.0
989,11,Mike Wozniak,2,score,21.0
990,11,Mike Wozniak,2,win,1.0
991,11,Mike Wozniak,2,score_win,21.0
992,11,Mike Wozniak,3,score,13.0
993,11,Mike Wozniak,3,win,0.0
994,11,Mike Wozniak,4,score,6.0
995,11,Mike Wozniak,4,win,0.0
996,11,Mike Wozniak,5,score,14.0
997,11,Mike Wozniak,5,win,0.0
998,11,Mike Wozniak,6,score,17.0
999,11,Mike Wozniak,6,win,1.0
1000,11,Mike Wozniak,6,score_win,17.0
1001,11,Mike Wozniak,7,score,14.0
1002,11,Mike Wozniak,7,win,0.0
1003,11,Mike Wozniak,8,score,17.0
1004,11,Mike Wozniak,8,win,0.0
1005,11,Mike Wozniak,9,score,18.0
1006,11,Mike Wozniak,9,win,0.0
1007,11,Mike Wozniak,10,score,17.0
1008,11,Mike Wozniak,10,win,0.0
1009,11,Sarah Kendall,1,score,18.0
1010,11,Sarah Kendall,1,win,1.0
1011,11,Sarah Kendall,1,score_win,18.0
1012,11,Sarah Kendall,2,score,17.0
1013,11,Sarah Kendall,2,win,0.0
1014,11,Sarah Kendall,3,score,20.0
1015,11,Sarah Kendall,3,win,1.0
1016,11,Sarah Kendall,3,score_win,20.0
1017,11,Sarah Kendall,4,score,23.0
1018,11,Sarah Kendall,4,win,1.0
1019,11,Sarah Kendall,4,score_win,23.0
1020,11,Sarah Kendall,5,score,12.0
1021,11,Sarah Kendall,5,win,0.0
1022,11,Sarah Kendall,6,score,16.0
1023,11,Sarah Kendall,6,win,0.0
1024,11,Sarah Kendall,7,score,12.0
1025,11,Sarah Kendall,7,win,0.0
1026,11,Sarah Kendall,8,score,12.0
1027,11,Sarah Kendall,8,win,0.0
1028,11,Sarah Kendall,9,score,16.0
1029,11,Sarah Kendall,9,win,0.0
1030,11,Sarah Kendall,10,score,12.0
1031,11,Sarah Kendall,10,win,0.0
1032,12,Alan Davies,1,score,15.0
1033,12,Alan Davies,1,win,0.0
1034,12,Alan Davies,2,score,16.0
1035,12,Alan Davies,2,win,0.0
1036,12,Alan Davies,3,score,14.0
1037,12,Alan Davies,3,win,0.0
1038,12,Alan Davies,4,score,21.0
1039,12,Alan Davies,4,win,1.0
1040,12,Alan Davies,4,score_win,21.0
1041,12,Alan Davies,5,score,14.0
1042,12,Alan Davies,5,win,0.0
1043,12,Alan Davies,6,score,14.0
1044,12,Alan Davies,6,win,0.0
1045,12,Alan Davies,7,score,16.0
1046,12,Alan Davies,7,win,0.0
1047,12,Alan Davies,8,score,21.0
1048,12,Alan Davies,8,win,1.0
1049,12,Alan Davies,8,score_win,21.0
1050,12,Alan Davies,9,score,11.0
1051,12,Alan Davies,9,win,0.0
1052,12,Alan Davies,10,score,19.0
1053,12,Alan Davies,10,win,0.0
1054,12,Desiree Burch,1,score,16.0
1055,12,Desiree Burch,1,win,0.0
1056,12,Desiree Burch,2,score,16.0
1057,12,Desiree Burch,2,win,0.0
1058,12,Desiree Burch,3,score,21.0
1059,12,Desiree Burch,3,win,1.0
1060,12,Desiree Burch,3,score_win,21.0
1061,12,Desiree Burch,4,score,15.0
1062,12,Desiree Burch,4,win,0.0
1063,12,Desiree Burch,5,score,8.0
1064,12,Desiree Burch,5,win,0.0
1065,12,Desiree Burch,6,score,17.0
1066,12,Desiree Burch,6,win,0.0
1067,12,Desiree Burch,7,score,17.0
1068,12,Desiree Burch,7,win,0.0
1069,12,Desiree Burch,8,score,9.0
1070,12,Desiree Burch,8,win,0.0
1071,12,Desiree Burch,9,score,21.0
1072,12,Desiree Burch,9,win,1.0
1073,12,Desiree Burch,9,score_win,21.0
1074,12,Desiree Burch,10,score,21.0
1075,12,Desiree Burch,10,win,0.0
1076,12,Guz Khan,1,score,14.0
1077,12,Guz Khan,1,win,0.0
1078,12,Guz Khan,2,score,20.0
1079,12,Guz Khan,2,win,1.0
1080,12,Guz Khan,2,score_win,20.0
1081,12,Guz Khan,3,score,14.0
1082,12,Guz Khan,3,win,0.0
1083,12,Guz Khan,4,score,14.0
1084,12,Guz Khan,4,win,0.0
1085,12,Guz Khan,5,score,21.0
1086,12,Guz Khan,5,win,1.0
1087,12,Guz Khan,5,score_win,21.0
1088,12,Guz Khan,6,score,19.0
1089,12,Guz Khan,6,win,1.0
1090,12,Guz Khan,6,score_win,19.0
1091,12,Guz Khan,7,score,8.0
1092,12,Guz Khan,7,win,0.0
1093,12,Guz Khan,8,score,21.0
1094,12,Guz Khan,8,win,1.0
1095,12,Guz Khan,8,score_win,21.0
1096,12,Guz Khan,9,score,14.0
1097,12,Guz Khan,9,win,0.0
1098,12,Guz Khan,10,score,22.0
1099,12,Guz Khan,10,win,1.0
1100,12,Guz Khan,10,score_win,22.0
1101,12,Morgana Robinson,1,score,17.0
1102,12,Morgana Robinson,1,win,1.0
1103,12,Morgana Robinson,1,score_win,17.0
1104,12,Morgana Robinson,2,score,17.0
1105,12,Morgana Robinson,2,win,0.0
1106,12,Morgana Robinson,3,score,18.0
1107,12,Morgana Robinson,3,win,0.0
1108,12,Morgana Robinson,4,score,13.0
1109,12,Morgana Robinson,4,win,0.0
1110,12,Morgana Robinson,5,score,17.0
1111,12,Morgana Robinson,5,win,0.0
1112,12,Morgana Robinson,6,score,17.0
1113,12,Morgana Robinson,6,win,0.0
1114,12,Morgana Robinson,7,score,14.0
1115,12,Morgana Robinson,7,win,0.0
1116,12,Morgana Robinson,8,score,19.0
1117,12,Morgana Robinson,8,win,0.0
1118,12,Morgana Robinson,9,score,18.0
1119,12,Morgana Robinson,9,win,0.0
1120,12,Morgana Robinson,10,score,18.0
1121,12,Morgana Robinson,10,win,0.0
1122,12,Victoria Coren Mitchell,1,score,12.0
1123,12,Victoria Coren Mitchell,1,win,0.0
1124,12,Victoria Coren Mitchell,2,score,13.0
1125,12,Victoria Coren Mitchell,2,win,0.0
1126,12,Victoria Coren Mitchell,3,score,13.0
1127,12,Victoria Coren Mitchell,3,win,0.0
1128,12,Victoria Coren Mitchell,4,score,16.0
1129,12,Victoria Coren Mitchell,4,win,0.0
1130,12,Victoria Coren Mitchell,5,score,10.0
1131,12,Victoria Coren Mitchell,5,win,0.0
1132,12,Victoria Coren Mitchell,6,score,9.0
1133,12,Victoria Coren Mitchell,6,win,0.0
1134,12,Victoria Coren Mitchell,7,score,18.0
1135,12,Victoria Coren Mitchell,7,win,1.0
1136,12,Victoria Coren Mitchell,7,score_win,18.0
1137,12,Victoria Coren Mitchell,8,score,9.0
1138,12,Victoria Coren Mitchell,8,win,0.0
1139,12,Victoria Coren Mitchell,9,score,8.0
1140,12,Victoria Coren Mitchell,9,win,0.0
1141,12,Victoria Coren Mitchell,10,score,13.0
1142,12,Victoria Coren Mitchell,10,win,0.0
1143,13,Ardal O'Hanlon,1,score,10.0
1144,13,Ardal O'Hanlon,1,win,0.0
1145,13,Ardal O'Hanlon,2,score,15.0
1146,13,Ardal O'Hanlon,2,win,0.0
1147,13,Ardal O'Hanlon,3,score,11.0
1148,13,Ardal O'Hanlon,3,win,0.0
1149,13,Ardal O'Hanlon,4,score,17.0
1150,13,Ardal O'Hanlon,4,win,1.0
1151,13,Ardal O'Hanlon,4,score_win,17.0
1152,13,Ardal O'Hanlon,5,score,21.0
1153,13,Ardal O'Hanlon,5,win,1.0
1154,13,Ardal O'Hanlon,5,score_win,21.0
1155,13,Ardal O'Hanlon,6,score,12.0
1156,13,Ardal O'Hanlon,6,win,0.0
1157,13,Ardal O'Hanlon,7,score,20.0
1158,13,Ardal O'Hanlon,7,win,0.0
1159,13,Ardal O'Hanlon,8,score,18.0
1160,13,Ardal O'Hanlon,8,win,0.0
1161,13,Ardal O'Hanlon,9,score,14.0
1162,13,Ardal O'Hanlon,9,win,0.0
1163,13,Ardal O'Hanlon,10,score,15.0
1164,13,Ardal O'Hanlon,10,win,0.0
1165,13,Bridget Christie,1,score,16.0
1166,13,Bridget Christie,1,win,0.0
1167,13,Bridget Christie,2,score,16.0
1168,13,Bridget Christie,2,win,0.0
1169,13,Bridget Christie,3,score,25.0
1170,13,Bridget Christie,3,win,1.0
1171,13,Bridget Christie,3,score_win,25.0
1172,13,Bridget Christie,4,score,16.0
1173,13,Bridget Christie,4,win,0.0
1174,13,Bridget Christie,5,score,11.0
1175,13,Bridget Christie,5,win,0.0
1176,13,Bridget Christie,6,score,9.0
1177,13,Bridget Christie,6,win,0.0
1178,13,Bridget Christie,7,score,19.0
1179,13,Bridget Christie,7,win,0.0
1180,13,Bridget Christie,8,score,20.0
1181,13,Bridget Christie,8,win,1.0
1182,13,Bridget Christie,8,score_win,20.0
1183,13,Bridget Christie,9,score,7.0
1184,13,Bridget Christie,9,win,0.0
1185,13,Bridget Christie,10,score,18.0
1186,13,Bridget Christie,10,win,0.0
1187,13,Chris Ramsey,1,score,23.0
1188,13,Chris Ramsey,1,win,1.0
1189,13,Chris Ramsey,1,score_win,23.0
1190,13,Chris Ramsey,2,score,18.0
1191,13,Chris Ramsey,2,win,1.0
1192,13,Chris Ramsey,2,score_win,18.0
1193,13,Chris Ramsey,3,score,13.0
1194,13,Chris Ramsey,3,win,0.0
1195,13,Chris Ramsey,4,score,17.0
1196,13,Chris Ramsey,4,win,1.0
1197,13,Chris Ramsey,4,score_win,17.0
1198,13,Chris Ramsey,5,score,11.0
1199,13,Chris Ramsey,5,win,0.0
1200,13,Chris Ramsey,6,score,15.0
1201,13,Chris Ramsey,6,win,1.0
1202,13,Chris Ramsey,6,score_win,15.0
1203,13,Chris Ramsey,7,score,19.0
1204,13,Chris Ramsey,7,win,0.0
1205,13,Chris Ramsey,8,score,14.0
1206,13,Chris Ramsey,8,win,0.0
1207,13,Chris Ramsey,9,score,19.0
1208,13,Chris Ramsey,9,win,1.0
1209,13,Chris Ramsey,9,score_win,19.0
1210,13,Chris Ramsey,10,score,21.0
1211,13,Chris Ramsey,10,win,0.0
1212,13,Judi Love,1,score,10.0
1213,13,Judi Love,1,win,0.0
1214,13,Judi Love,2,score,14.0
1215,13,Judi Love,2,win,0.0
1216,13,Judi Love,3,score,16.0
1217,13,Judi Love,3,win,0.0
1218,13,Judi Love,4,score,16.0
1219,13,Judi Love,4,win,0.0
1220,13,Judi Love,5,score,11.0
1221,13,Judi Love,5,win,0.0
1222,13,Judi Love,6,score,11.0
1223,13,Judi Love,6,win,0.0
1224,13,Judi Love,7,score,24.0
1225,13,Judi Love,7,win,0.0
1226,13,Judi Love,8,score,10.0
1227,13,Judi Love,8,win,0.0
1228,13,Judi Love,9,score,17.0
1229,13,Judi Love,9,win,0.0
1230,13,Judi Love,10,score,13.0
1231,13,Judi Love,10,win,0.0
1232,13,Sophie Duker,1,score,18.0
1233,13,Sophie Duker,1,win,0.0
1234,13,Sophie Duker,2,score,13.0
1235,13,Sophie Duker,2,win,0.0
1236,13,Sophie Duker,3,score,16.0
1237,13,Sophie Duker,3,win,0.0
1238,13,Sophie Duker,4,score,16.0
1239,13,Sophie Duker,4,win,0.0
1240,13,Sophie Duker,5,score,13.0
1241,13,Sophie Duker,5,win,0.0
1242,13,Sophie Duker,6,score,15.0
1243,13,Sophie Duker,6,win,1.0
1244,13,Sophie Duker,6,score_win,15.0
1245,13,Sophie Duker,7,score,28.0
1246,13,Sophie Duker,7,win,1.0
1247,13,Sophie Duker,7,score_win,28.0
1248,13,Sophie Duker,8,score,19.0
1249,13,Sophie Duker,8,win,0.0
1250,13,Sophie Duker,9,score,13.0
1251,13,Sophie Duker,9,win,0.0
1252,13,Sophie Duker,10,score,22.0
1253,13,Sophie Duker,10,win,1.0
1254,13,Sophie Duker,10,score_win,22.0
1255,14,Dara Ó Briain,1,score,17.0
1256,14,Dara Ó Briain,1,win,0.0
1257,14,Dara Ó Briain,2,score,30.0
1258,14,Dara Ó Briain,2,win,1.0
1259,14,Dara Ó Briain,2,score_win,30.0
1260,14,Dara Ó Briain,3,score,17.0
1261,14,Dara Ó Briain,3,win,0.0
1262,14,Dara Ó Briain,4,score,19.0
1263,14,Dara Ó Briain,4,win,0.0
1264,14,Dara Ó Briain,5,score,19.0
1265,14,Dara Ó Briain,5,win,0.0
1266,14,Dara Ó Briain,6,score,10.0
1267,14,Dara Ó Briain,6,win,0.0
1268,14,Dara Ó Briain,7,score,21.0
1269,14,Dara Ó Briain,7,win,1.0
1270,14,Dara Ó Briain,7,score_win,21.0
1271,14,Dara Ó Briain,8,score,9.0
1272,14,Dara Ó Briain,8,win,0.0
1273,14,Dara Ó Briain,9,score,22.0
1274,14,Dara Ó Briain,9,win,0.0
1275,14,Dara Ó Briain,10,score,20.0
1276,14,Dara Ó Briain,10,win,1.0
1277,14,Dara Ó Briain,10,score_win,20.0
1278,14,Fern Brady,1,score,17.0
1279,14,Fern Brady,1,win,0.0
1280,14,Fern Brady,2,score,14.0
1281,14,Fern Brady,2,win,0.0
1282,14,Fern Brady,3,score,14.0
1283,14,Fern Brady,3,win,0.0
1284,14,Fern Brady,4,score,15.0
1285,14,Fern Brady,4,win,0.0
1286,14,Fern Brady,5,score,19.0
1287,14,Fern Brady,5,win,0.0
1288,14,Fern Brady,6,score,6.0
1289,14,Fern Brady,6,win,0.0
1290,14,Fern Brady,7,score,16.0
1291,14,Fern Brady,7,win,0.0
1292,14,Fern Brady,8,score,12.0
1293,14,Fern Brady,8,win,0.0
1294,14,Fern Brady,9,score,23.0
1295,14,Fern Brady,9,win,1.0
1296,14,Fern Brady,9,score_win,23.0
1297,14,Fern Brady,10,score,8.0
1298,14,Fern Brady,10,win,0.0
1299,14,John Kearns,1,score,11.0
1300,14,John Kearns,1,win,0.0
1301,14,John Kearns,2,score,10.0
1302,14,John Kearns,2,win,0.0
1303,14,John Kearns,3,score,20.0
1304,14,John Kearns,3,win,1.0
1305,14,John Kearns,3,score_win,20.0
1306,14,John Kearns,4,score,12.0
1307,14,John Kearns,4,win,0.0
1308,14,John Kearns,5,score,23.0
1309,14,John Kearns,5,win,1.0
1310,14,John Kearns,5,score_win,23.0
1311,14,John Kearns,6,score,13.0
1312,14,John Kearns,6,win,0.0
1313,14,John Kearns,7,score,18.0
1314,14,John Kearns,7,win,0.0
1315,14,John Kearns,8,score,6.0
1316,14,John Kearns,8,win,0.0
1317,14,John Kearns,9,score,19.0
1318,14,John Kearns,9,win,0.0
1319,14,John Kearns,10,score,12.0
1320,14,John Kearns,10,win,0.0
1321,14,Munya Chawawa,1,score,14.0
1322,14,Munya Chawawa,1,win,0.0
1323,14,Munya Chawawa,2,score,21.0
1324,14,Munya Chawawa,2,win,0.0
1325,14,Munya Chawawa,3,score,11.0
1326,14,Munya Chawawa,3,win,0.0
1327,14,Munya Chawawa,4,score,9.0
1328,14,Munya Chawawa,4,win,0.0
1329,14,Munya Chawawa,5,score,20.0
1330,14,Munya Chawawa,5,win,0.0
1331,14,Munya Chawawa,6,score,14.0
1332,14,Munya Chawawa,6,win,0.0
1333,14,Munya Chawawa,7,score,8.0
1334,14,Munya Chawawa,7,win,0.0
1335,14,Munya Chawawa,8,score,21.0
1336,14,Munya Chawawa,8,win,1.0
1337,14,Munya Chawawa,8,score_win,21.0
1338,14,Munya Chawawa,9,score,16.0
1339,14,Munya Chawawa,9,win,0.0
1340,14,Munya Chawawa,10,score,16.0
1341,14,Munya Chawawa,10,win,0.0
1342,14,Sarah Millican,1,score,18.0
1343,14,Sarah Millican,1,win,1.0
1344,14,Sarah Millican,1,score_win,18.0
1345,14,Sarah Millican,2,score,16.0
1346,14,Sarah Millican,2,win,0.0
1347,14,Sarah Millican,3,score,17.0
1348,14,Sarah Millican,3,win,0.0
1349,14,Sarah Millican,4,score,22.0
1350,14,Sarah Millican,4,win,1.0
1351,14,Sarah Millican,4,score_win,22.0
1352,14,Sarah Millican,5,score,17.0
1353,14,Sarah Millican,5,win,0.0
1354,14,Sarah Millican,6,score,19.0
1355,14,Sarah Millican,6,win,1.0
1356,14,Sarah Millican,6,score_win,19.0
1357,14,Sarah Millican,7,score,15.0
1358,14,Sarah Millican,7,win,0.0
1359,14,Sarah Millican,8,score,17.0
1360,14,Sarah Millican,8,win,0.0
1361,14,Sarah Millican,9,score,18.0
1362,14,Sarah Millican,9,win,0.0
1363,14,Sarah Millican,10,score,15.0
1364,14,Sarah Millican,10,win,0.0
