Date,sp500,osk
2017-10-24,2569.13,89.68
2017-10-25,2557.15,89.18
2017-10-26,2560.4,90.610001
2017-10-27,2581.07,91.019997
2017-10-30,2572.83,89.57
2017-10-31,2575.26,91.559998
2017-11-01,2579.36,87.660004
2017-11-02,2579.85,87.029999
2017-11-03,2587.84,86.639999
2017-11-06,2591.13,88.120003
2017-11-07,2590.64,87.290001
2017-11-08,2594.38,85.050003
2017-11-09,2584.62,83.860001
2017-11-10,2582.3,84.900002
2017-11-13,2584.84,85.510002
2017-11-14,2578.87,85.809998
2017-11-15,2564.62,84.059998
2017-11-16,2585.64,84.599998
2017-11-17,2578.85,85.269997
2017-11-20,2582.14,86.589996
2017-11-21,2599.03,86.230003
2017-11-22,2597.08,85.900002
2017-11-24,2602.42,86.349998
2017-11-27,2601.42,85.760002
2017-11-28,2627.04,87.489998
2017-11-29,2626.07,88.879997
2017-11-30,2647.58,90.040001
2017-12-01,2642.22,88.889999
2017-12-04,2639.44,92.099998
2017-12-05,2629.57,89.57
2017-12-06,2629.27,87.910004
2017-12-07,2636.98,88.0
2017-12-08,2651.5,88.779999
2017-12-11,2659.99,88.459999
2017-12-12,2664.11,88.379997
2017-12-13,2662.85,89.099998
2017-12-14,2652.01,87.720001
2017-12-15,2675.81,88.57
2017-12-18,2690.16,90.309998
2017-12-19,2681.47,89.709999
2017-12-20,2679.25,90.18
2017-12-21,2684.57,91.110001
2017-12-22,2683.34,91.400002
2017-12-26,2680.5,91.339996
2017-12-27,2682.62,91.169998
2017-12-28,2687.54,90.970001
2017-12-29,2673.61,90.889999
2018-01-02,2695.81,92.169998
2018-01-03,2713.06,92.029999
2018-01-04,2723.99,91.279999
2018-01-05,2743.15,89.970001
2018-01-08,2747.71,90.660004
2018-01-09,2751.29,90.940002
2018-01-10,2748.23,90.160004
2018-01-11,2767.56,91.150002
2018-01-12,2786.24,92.290001
2018-01-16,2776.42,91.019997
2018-01-17,2802.56,90.739998
2018-01-18,2798.03,91.150002
2018-01-19,2810.3,94.849998
2018-01-22,2832.97,93.980003
2018-01-23,2839.13,94.089996
2018-01-24,2837.54,93.040001
2018-01-25,2839.25,95.330002
2018-01-26,2872.87,96.239998
2018-01-29,2853.53,92.68
2018-01-30,2822.43,92.150002
2018-01-31,2823.81,90.720001
2018-02-01,2821.98,92.279999
2018-02-02,2762.13,87.449997
2018-02-05,2648.94,84.25
2018-02-06,2695.14,85.139999
2018-02-07,2681.66,85.120003
2018-02-08,2581.0,83.290001
2018-02-09,2619.55,86.519997
2018-02-12,2656.0,86.150002
2018-02-13,2662.94,85.370003
2018-02-14,2698.63,86.620003
2018-02-15,2731.2,87.040001
2018-02-16,2732.22,84.989998
2018-02-20,2716.26,84.43
2018-02-21,2701.33,84.989998
2018-02-22,2703.96,83.800003
2018-02-23,2747.3,83.470001
2018-02-26,2779.6,82.160004
2018-02-27,2744.28,82.550003
2018-02-28,2713.83,78.93
2018-03-01,2677.67,78.339996
2018-03-02,2691.25,77.330002
2018-03-05,2720.94,78.209999
2018-03-06,2728.12,79.300003
2018-03-07,2726.8,78.120003
2018-03-08,2738.97,78.919998
2018-03-09,2786.57,81.25
2018-03-12,2783.02,79.830002
2018-03-13,2765.31,79.370003
2018-03-14,2749.48,78.580002
2018-03-15,2747.33,78.089996
2018-03-16,2752.01,79.32
2018-03-19,2712.92,78.910004
2018-03-20,2716.94,79.550003
2018-03-21,2711.93,79.599998
2018-03-22,2643.69,76.980003
2018-03-23,2588.26,75.989998
2018-03-26,2658.55,78.68
2018-03-27,2612.62,77.050003
2018-03-28,2605.0,76.239998
2018-03-29,2640.87,77.269997
2018-04-02,2581.88,74.949997
2018-04-03,2614.45,76.690002
2018-04-04,2644.69,77.720001
2018-04-05,2662.84,79.050003
2018-04-06,2604.47,76.019997
2018-04-09,2613.16,75.589996
2018-04-10,2656.87,77.459999
2018-04-11,2642.19,76.519997
2018-04-12,2663.99,77.830002
2018-04-13,2656.3,77.660004
2018-04-16,2677.84,78.650002
2018-04-17,2706.39,80.059998
2018-04-18,2708.64,81.629997
2018-04-19,2693.13,81.110001
2018-04-20,2670.14,81.059998
2018-04-23,2670.29,80.830002
2018-04-24,2634.56,74.559998
2018-04-25,2639.4,74.410004
2018-04-26,2666.94,72.75
2018-04-27,2669.91,72.339996
2018-04-30,2648.05,72.160004
2018-05-01,2654.8,71.050003
2018-05-02,2635.67,70.790001
2018-05-03,2629.73,71.919998
2018-05-04,2663.42,72.379997
2018-05-07,2672.63,73.32
2018-05-08,2671.92,73.480003
2018-05-09,2697.79,73.300003
2018-05-10,2723.07,74.260002
2018-05-11,2727.72,73.57
2018-05-14,2730.13,74.769997
2018-05-15,2711.45,74.959999
2018-05-16,2722.46,75.57
2018-05-17,2720.13,76.480003
2018-05-18,2712.97,77.199997
2018-05-21,2733.01,79.32
2018-05-22,2724.44,77.82
2018-05-23,2733.29,77.75
2018-05-24,2727.76,77.599998
2018-05-25,2721.33,76.269997
2018-05-29,2689.86,75.550003
2018-05-30,2724.01,76.419998
2018-05-31,2705.27,72.75
2018-06-01,2734.62,73.82
2018-06-04,2746.87,73.919998
2018-06-05,2748.8,74.080002
2018-06-06,2772.35,75.589996
2018-06-07,2770.37,74.809998
2018-06-08,2779.03,75.550003
2018-06-11,2782.0,75.470001
2018-06-12,2786.85,75.540001
2018-06-13,2775.63,74.160004
2018-06-14,2782.49,72.589996
2018-06-15,2779.66,71.989998
2018-06-18,2773.75,71.720001
2018-06-19,2762.59,70.059998
2018-06-20,2767.32,70.18
2018-06-21,2749.76,68.849998
2018-06-22,2754.88,70.0
2018-06-25,2717.07,69.480003
2018-06-26,2723.06,69.580002
2018-06-27,2699.63,69.410004
2018-06-28,2716.31,69.029999
2018-06-29,2718.37,70.32
2018-07-02,2726.71,70.690002
2018-07-03,2713.22,70.660004
2018-07-05,2736.61,71.849998
2018-07-06,2759.82,70.940002
2018-07-09,2784.17,73.459999
2018-07-10,2793.84,72.419998
2018-07-11,2774.02,70.160004
2018-07-12,2798.29,71.550003
2018-07-13,2801.31,73.599998
2018-07-16,2798.43,72.5
2018-07-17,2809.55,72.970001
2018-07-18,2815.62,73.720001
2018-07-19,2804.49,74.169998
2018-07-20,2801.83,73.980003
2018-07-23,2806.98,72.989998
2018-07-24,2820.4,73.449997
2018-07-25,2846.07,73.739998
2018-07-26,2837.44,75.160004
2018-07-27,2818.82,75.260002
2018-07-30,2802.6,73.510002
2018-07-31,2816.29,75.25
2018-08-01,2813.36,71.669998
2018-08-02,2827.22,72.43
2018-08-03,2840.35,72.459999
2018-08-06,2850.4,73.849998
2018-08-07,2858.45,74.93
2018-08-08,2857.7,73.260002
2018-08-09,2853.58,72.029999
2018-08-10,2833.28,70.389999
2018-08-13,2821.93,69.980003
2018-08-14,2839.96,69.949997
2018-08-15,2818.37,67.919998
2018-08-16,2840.69,69.230003
2018-08-17,2850.13,70.639999
2018-08-20,2857.05,70.330002
2018-08-21,2862.96,70.989998
2018-08-22,2861.82,69.43
2018-08-23,2856.98,69.129997
2018-08-24,2874.69,69.889999
2018-08-27,2896.74,71.25
2018-08-28,2897.52,71.309998
2018-08-29,2914.04,71.629997
2018-08-30,2901.13,70.050003
2018-08-31,2901.52,70.260002
2018-09-04,2896.72,69.730003
2018-09-05,2888.6,70.580002
2018-09-06,2878.05,70.309998
2018-09-07,2871.68,69.889999
2018-09-10,2877.13,70.139999
2018-09-11,2887.89,70.400002
2018-09-12,2888.92,71.220001
2018-09-13,2904.18,71.75
2018-09-14,2904.98,72.949997
2018-09-17,2888.8,73.889999
2018-09-18,2904.31,74.75
2018-09-19,2907.95,75.5
2018-09-20,2930.75,76.370003
2018-09-21,2929.67,76.0
2018-09-24,2919.37,73.800003
2018-09-25,2915.56,72.230003
2018-09-26,2905.97,71.089996
2018-09-27,2914.0,71.330002
2018-09-28,2913.98,71.239998
2018-10-01,2924.59,71.099998
2018-10-02,2923.43,71.190002
2018-10-03,2925.51,72.440002
2018-10-04,2901.61,72.099998
2018-10-05,2885.57,69.919998
2018-10-08,2884.43,69.900002
2018-10-09,2880.34,67.709999
2018-10-10,2785.68,64.620003
2018-10-11,2728.37,63.360001
2018-10-12,2767.13,61.529999
2018-10-15,2750.79,62.02
2018-10-16,2809.92,62.599998
2018-10-17,2809.21,61.790001
2018-10-18,2768.78,59.299999
2018-10-19,2767.78,58.560001
2018-10-22,2755.88,58.16
2018-10-23,2740.69,56.369999
2018-10-24,2656.1,53.200001
2018-10-25,2705.57,53.459999
2018-10-26,2658.69,52.849998
2018-10-29,2641.25,53.080002
2018-10-30,2682.63,54.110001
2018-10-31,2711.74,56.139999
2018-11-01,2740.37,68.160004
2018-11-02,2723.06,64.730003
2018-11-05,2738.31,64.739998
2018-11-06,2755.45,66.93
2018-11-07,2813.89,68.870003
2018-11-08,2806.83,67.309998
2018-11-09,2781.01,65.519997
2018-11-12,2726.22,63.52
2018-11-13,2722.18,64.220001
2018-11-14,2701.58,66.279999
2018-11-15,2730.2,67.639999
2018-11-16,2736.27,66.839996
2018-11-19,2690.73,66.089996
2018-11-20,2641.89,65.290001
2018-11-21,2649.93,67.110001
2018-11-23,2632.56,67.540001
2018-11-26,2673.45,68.889999
2018-11-27,2682.17,67.629997
2018-11-28,2743.79,70.760002
2018-11-29,2737.76,69.580002
2018-11-30,2760.17,71.330002
2018-12-03,2790.37,71.559998
2018-12-04,2700.06,68.160004
2018-12-06,2695.95,68.089996
2018-12-07,2633.08,66.629997
2018-12-10,2637.72,63.75
2018-12-11,2636.78,63.490002
2018-12-12,2651.07,64.559998
2018-12-13,2650.54,63.790001
2018-12-14,2599.95,64.019997
2018-12-17,2545.94,63.650002
2018-12-18,2546.16,64.639999
2018-12-19,2506.96,62.080002
2018-12-20,2467.42,60.610001
2018-12-21,2416.62,59.119999
2018-12-24,2351.1,56.959999
2018-12-26,2467.7,60.209999
2018-12-27,2488.83,60.630001
2018-12-28,2485.74,60.290001
2018-12-31,2506.85,61.310001
2019-01-02,2510.03,61.57
2019-01-03,2447.89,59.73
2019-01-04,2531.94,62.77
2019-01-07,2549.69,63.23
2019-01-08,2574.41,65.660004
2019-01-09,2584.96,66.199997
2019-01-10,2596.64,68.379997
2019-01-11,2596.26,68.400002
2019-01-14,2582.61,67.589996
2019-01-15,2610.3,67.660004
2019-01-16,2616.1,68.540001
2019-01-17,2635.96,70.599998
2019-01-18,2670.71,72.75
2019-01-22,2632.9,69.529999
2019-01-23,2638.7,68.089996
2019-01-24,2642.33,68.93
2019-01-25,2664.76,70.190002
2019-01-28,2643.85,70.25
2019-01-29,2640.0,70.959999
2019-01-30,2681.05,72.779999
2019-01-31,2704.1,75.050003
2019-02-01,2706.53,74.809998
2019-02-04,2724.87,75.18
2019-02-05,2737.7,75.82
2019-02-06,2731.61,76.849998
2019-02-07,2706.05,76.449997
2019-02-08,2707.88,75.629997
2019-02-11,2709.8,76.089996
2019-02-12,2744.73,78.379997
2019-02-13,2753.03,78.839996
2019-02-14,2745.73,77.75
2019-02-15,2775.6,78.760002
2019-02-19,2779.76,79.440002
2019-02-20,2784.7,80.470001
2019-02-21,2774.88,79.330002
2019-02-22,2792.67,81.290001
2019-02-25,2796.11,79.419998
2019-02-26,2793.9,78.699997
2019-02-27,2792.38,78.360001
2019-02-28,2784.49,77.809998
2019-03-01,2803.69,79.300003
2019-03-04,2792.81,79.830002
2019-03-05,2789.65,79.459999
2019-03-06,2771.45,77.910004
2019-03-07,2748.93,77.830002
2019-03-08,2743.07,77.639999
2019-03-11,2783.3,78.5
2019-03-12,2791.52,77.440002
2019-03-13,2810.92,76.459999
2019-03-14,2808.48,75.82
2019-03-15,2822.48,75.25
2019-03-18,2832.94,76.309998
2019-03-19,2832.57,75.489998
2019-03-20,2824.23,73.989998
2019-03-21,2854.88,75.379997
2019-03-22,2800.71,72.379997
2019-03-25,2798.36,73.57
2019-03-26,2818.46,74.010002
2019-03-27,2805.37,73.160004
2019-03-28,2815.44,73.75
2019-03-29,2834.4,75.129997
2019-04-01,2867.19,77.080002
2019-04-02,2867.24,76.949997
2019-04-03,2873.4,78.610001
2019-04-04,2879.39,79.019997
2019-04-05,2892.74,79.330002
2019-04-08,2895.77,79.489998
2019-04-09,2878.2,77.93
2019-04-10,2888.21,78.339996
2019-04-11,2888.32,79.559998
2019-04-12,2907.41,80.190002
2019-04-15,2905.58,80.050003
2019-04-16,2907.06,81.720001
2019-04-17,2900.45,81.400002
2019-04-18,2905.03,82.040001
2019-04-22,2907.97,81.730003
2019-04-23,2933.68,81.269997
2019-04-24,2927.25,80.709999
2019-04-25,2926.17,78.510002
2019-04-26,2939.88,80.029999
2019-04-29,2943.03,80.540001
2019-04-30,2945.83,82.589996
2019-05-01,2923.73,80.769997
2019-05-02,2917.52,79.089996
2019-05-03,2945.64,81.139999
2019-05-06,2932.47,81.040001
2019-05-07,2884.05,78.150002
2019-05-08,2879.42,78.349998
2019-05-09,2870.72,79.279999
2019-05-10,2881.4,78.029999
2019-05-13,2811.87,75.25
2019-05-14,2834.41,76.540001
2019-05-15,2850.96,76.57
2019-05-16,2876.32,76.779999
2019-05-17,2859.53,74.970001
2019-05-20,2840.23,75.199997
2019-05-21,2864.36,76.860001
2019-05-22,2856.27,76.57
2019-05-23,2822.24,75.199997
2019-05-24,2826.06,75.639999
2019-05-28,2802.39,75.43
2019-05-29,2783.02,75.110001
2019-05-30,2788.86,75.129997
2019-05-31,2752.06,71.190002
2019-06-03,2744.45,71.980003
2019-06-04,2803.27,74.830002
2019-06-05,2826.15,76.300003
2019-06-06,2843.49,76.459999
2019-06-07,2873.34,77.260002
2019-06-10,2886.73,79.099998
2019-06-11,2885.72,78.190002
2019-06-12,2879.84,78.82
2019-06-13,2891.64,80.160004
2019-06-14,2886.98,79.68
2019-06-17,2889.67,79.43
2019-06-18,2917.75,80.889999
2019-06-19,2926.46,79.989998
2019-06-20,2954.18,82.379997
2019-06-21,2950.46,82.230003
2019-06-24,2945.35,82.790001
2019-06-25,2917.38,82.099998
2019-06-26,2913.78,81.599998
2019-06-27,2924.92,82.529999
2019-06-28,2941.76,83.489998
2019-07-01,2964.33,83.510002
2019-07-02,2973.01,83.010002
2019-07-03,2995.82,83.43
2019-07-05,2990.41,83.290001
2019-07-08,2975.95,83.279999
2019-07-09,2979.63,83.400002
2019-07-10,2993.07,82.900002
2019-07-11,2999.91,83.75
2019-07-12,3013.77,86.089996
2019-07-15,3014.3,85.209999
2019-07-16,3004.04,85.760002
2019-07-17,2984.42,82.75
2019-07-18,2995.11,80.949997
2019-07-19,2976.61,81.879997
2019-07-22,2985.03,82.150002
2019-07-23,3005.47,83.589996
2019-07-24,3019.56,84.550003
2019-07-25,3003.67,84.389999
2019-07-26,3025.86,84.68
2019-07-29,3020.97,85.919998
2019-07-30,3013.18,83.75
2019-07-31,2980.38,83.57
2019-08-01,2953.56,76.099998
2019-08-02,2932.05,76.290001
2019-08-05,2844.74,75.010002
2019-08-06,2881.77,75.43
2019-08-07,2883.98,74.919998
2019-08-08,2938.09,75.620003
2019-08-09,2918.65,74.110001
2019-08-12,2883.75,71.120003
2019-08-13,2926.32,72.480003
2019-08-14,2840.6,68.809998
2019-08-15,2847.6,68.139999
2019-08-16,2888.68,69.449997
2019-08-19,2923.65,70.389999
2019-08-20,2900.51,68.879997
2019-08-21,2924.43,69.25
2019-08-22,2922.95,69.980003
2019-08-23,2847.11,67.580002
2019-08-26,2878.38,67.209999
2019-08-27,2869.16,66.639999
2019-08-28,2887.94,68.0
2019-08-29,2924.58,69.769997
2019-08-30,2926.46,70.269997
2019-09-03,2906.27,67.839996
2019-09-04,2937.78,69.059998
2019-09-05,2976.0,71.68
2019-09-06,2978.71,71.639999
2019-09-09,2978.43,74.760002
2019-09-10,2979.39,75.980003
2019-09-11,3000.93,77.290001
2019-09-12,3009.57,75.839996
2019-09-13,3007.39,77.279999
2019-09-16,2997.96,77.010002
2019-09-17,3005.7,76.050003
2019-09-18,3006.73,76.160004
2019-09-19,3006.79,75.269997
2019-09-20,2992.07,75.199997
2019-09-23,2991.78,75.449997
2019-09-24,2966.6,73.970001
2019-09-25,2984.87,74.610001
2019-09-26,2977.62,74.620003
2019-09-27,2961.79,75.0
2019-09-30,2976.74,75.800003
2019-10-01,2940.25,72.809998
2019-10-02,2887.61,73.089996
2019-10-03,2910.63,71.989998
2019-10-04,2952.01,72.5
2019-10-07,2938.79,71.25
2019-10-08,2893.06,69.730003
2019-10-09,2919.4,70.790001
2019-10-10,2938.13,71.32
2019-10-11,2970.27,74.290001
2019-10-14,2966.15,73.809998
2019-10-15,2995.68,74.739998
2019-10-16,2989.69,73.709999
2019-10-17,2997.95,76.660004
2019-10-18,2986.2,77.139999
2019-10-21,3006.72,76.779999
2019-10-22,2995.99,78.480003
2019-10-23,3004.52,79.790001
2019-10-24,3010.29,80.300003
2019-10-25,3022.55,82.43
2019-10-28,3039.42,83.110001
2019-10-29,3036.89,84.389999
2019-10-30,3046.77,89.260002
2019-10-31,3037.56,85.379997
2019-11-01,3066.91,87.32
2019-11-04,3078.27,88.849998
2019-11-05,3074.62,89.709999
2019-11-06,3076.78,88.629997
2019-11-07,3085.18,88.830002
2019-11-08,3093.08,90.07
2019-11-11,3087.01,92.419998
2019-11-12,3091.84,91.959999
2019-11-13,3094.04,90.93
2019-11-14,3096.63,90.720001
2019-11-15,3120.46,91.089996
2019-11-18,3122.03,90.279999
2019-11-19,3120.18,90.730003
2019-11-20,3108.46,89.110001
2019-11-21,3103.54,90.110001
2019-11-22,3110.29,90.68
2019-11-25,3133.64,92.029999
2019-11-26,3140.52,91.769997
2019-11-27,3153.63,91.519997
2019-11-29,3140.98,90.459999
2019-12-02,3113.87,89.889999
2019-12-03,3093.2,88.779999
2019-12-04,3112.76,88.839996
2019-12-05,3117.43,89.68
2019-12-06,3145.91,91.470001
2019-12-09,3135.96,91.519997
2019-12-10,3132.52,91.669998
2019-12-11,3141.63,92.389999
2019-12-12,3168.57,93.949997
2019-12-13,3168.8,91.019997
2019-12-16,3191.45,92.190002
2019-12-17,3192.52,92.720001
2019-12-18,3191.14,92.870003
2019-12-19,3205.37,93.269997
2019-12-20,3221.22,94.529999
2019-12-23,3224.01,95.389999
2019-12-24,3223.38,94.870003
2019-12-26,3239.91,94.989998
2019-12-27,3240.02,94.93
2019-12-30,3221.29,94.709999
2019-12-31,3230.78,94.650002
2020-01-02,3257.85,94.68
2020-01-03,3234.85,94.290001
2020-01-06,3246.28,93.650002
2020-01-07,3237.18,94.660004
2020-01-08,3253.05,94.260002
2020-01-09,3274.7,93.589996
2020-01-10,3265.35,92.349998
2020-01-13,3288.13,92.129997
2020-01-14,3283.15,91.389999
2020-01-15,3289.29,91.449997
2020-01-16,3316.81,91.910004
2020-01-17,3329.62,91.769997
2020-01-21,3320.79,90.400002
2020-01-22,3321.75,89.75
2020-01-23,3325.54,89.620003
2020-01-24,3295.47,89.300003
2020-01-27,3243.63,87.870003
2020-01-28,3276.24,89.129997
2020-01-29,3273.4,87.050003
2020-01-30,3283.66,87.309998
2020-01-31,3225.52,86.040001
2020-02-03,3248.92,88.290001
2020-02-04,3297.59,90.279999
2020-02-05,3334.69,92.559998
2020-02-06,3345.78,90.330002
2020-02-07,3327.71,87.230003
2020-02-10,3352.09,86.959999
2020-02-11,3357.75,84.989998
2020-02-12,3379.45,85.489998
2020-02-13,3373.94,85.18
2020-02-14,3380.16,84.129997
2020-02-18,3370.29,85.0
2020-02-19,3386.15,84.220001
2020-02-20,3373.23,84.690002
2020-02-21,3337.75,84.690002
2020-02-24,3225.89,80.769997
2020-02-25,3128.21,76.690002
2020-02-26,3116.39,76.709999
2020-02-27,2978.76,73.879997
2020-02-28,2954.22,72.150002
2020-03-02,3090.23,76.470001
2020-03-03,3003.37,74.699997
2020-03-04,3130.12,75.629997
2020-03-05,3023.94,70.610001
2020-03-06,2972.37,69.290001
2020-03-09,2746.56,62.669998
2020-03-10,2882.23,66.0
2020-03-11,2741.38,62.52
2020-03-12,2480.64,58.389999
2020-03-13,2711.02,60.0
2020-03-16,2386.13,53.75
2020-03-17,2529.19,58.400002
2020-03-18,2398.1,52.84
2020-03-19,2409.39,53.459999
2020-03-20,2304.92,50.700001
2020-03-23,2237.4,48.779999
2020-03-24,2447.33,55.0
2020-03-25,2475.56,58.880001
2020-03-26,2630.07,62.299999
2020-03-27,2541.47,57.919998
2020-03-30,2626.65,61.720001
2020-03-31,2584.59,64.330002
2020-04-01,2470.5,64.120003
2020-04-02,2526.9,63.880001
2020-04-03,2488.65,62.080002
2020-04-06,2663.68,64.809998
2020-04-07,2659.41,63.049999
2020-04-08,2749.98,63.900002
2020-04-09,2789.82,65.739998
2020-04-13,2761.63,63.5
2020-04-14,2846.06,66.18
2020-04-15,2783.36,61.549999
2020-04-16,2799.55,60.23
2020-04-17,2874.56,63.849998
2020-04-20,2823.16,65.0
2020-04-21,2736.56,62.09
2020-04-22,2799.31,62.459999
2020-04-23,2797.8,63.43
2020-04-24,2836.74,63.470001
2020-04-27,2878.48,66.790001
2020-04-28,2863.39,67.32
2020-04-29,2939.51,72.440002
2020-04-30,2912.43,67.529999
2020-05-01,2830.71,63.650002
2020-05-04,2842.74,62.529999
2020-05-05,2868.44,63.650002
2020-05-06,2848.42,62.619999
2020-05-07,2881.19,63.310001
2020-05-08,2929.8,66.650002
2020-05-11,2930.32,64.300003
2020-05-12,2870.12,60.830002
2020-05-13,2820.0,59.27
2020-05-14,2852.5,59.66
2020-05-15,2863.7,61.009998
2020-05-18,2953.91,65.809998
2020-05-19,2922.94,64.300003
2020-05-20,2971.61,66.089996
2020-05-21,2948.51,65.93
2020-05-22,2955.45,65.660004
2020-05-26,2991.77,70.230003
2020-05-27,3036.13,75.07
2020-05-28,3029.73,73.18
2020-05-29,3044.31,71.82
2020-06-01,3055.73,72.260002
2020-06-02,3080.82,72.879997
2020-06-03,3122.87,75.660004
2020-06-04,3112.35,80.940002
2020-06-05,3193.93,83.510002
2020-06-08,3232.39,85.260002
2020-06-09,3207.18,82.669998
2020-06-10,3190.14,78.510002
2020-06-11,3002.1,71.019997
2020-06-12,3041.31,71.650002
2020-06-15,3066.59,73.339996
2020-06-16,3124.74,75.120003
2020-06-17,3113.49,74.440002
2020-06-18,3115.34,73.779999
2020-06-19,3097.74,73.470001
2020-06-22,3117.86,72.550003
2020-06-23,3131.29,72.660004
2020-06-24,3050.33,69.419998
2020-06-25,3083.76,70.080002
2020-06-26,3009.05,69.290001
2020-06-29,3053.24,71.480003
2020-06-30,3100.29,71.620003
2020-07-01,3115.86,70.230003
2020-07-02,3130.01,71.790001
2020-07-06,3179.72,71.760002
2020-07-07,3145.32,70.150002
2020-07-08,3169.94,71.0
2020-07-09,3152.05,70.230003
2020-07-10,3185.04,72.040001
2020-07-13,3155.22,73.239998
2020-07-14,3197.52,75.269997
2020-07-15,3226.56,77.800003
2020-07-16,3215.57,77.400002
2020-07-17,3224.73,77.169998
2020-07-20,3251.84,75.639999
2020-07-21,3257.3,77.860001
2020-07-22,3276.02,79.190002
2020-07-23,3235.66,79.410004
2020-07-24,3215.63,78.650002
2020-07-27,3239.41,80.610001
2020-07-28,3218.44,79.379997
2020-07-29,3258.44,80.489998
2020-07-30,3246.22,80.279999
2020-07-31,3271.12,78.720001
2020-08-03,3294.61,79.830002
2020-08-04,3306.51,78.620003
2020-08-05,3327.77,80.279999
2020-08-06,3349.16,79.980003
2020-08-07,3351.28,80.860001
2020-08-10,3360.47,82.879997
2020-08-11,3333.69,83.629997
2020-08-12,3380.35,83.290001
2020-08-13,3373.43,81.330002
2020-08-14,3372.85,80.800003
2020-08-17,3381.99,80.040001
2020-08-18,3389.78,79.0
2020-08-19,3374.85,78.82
2020-08-20,3385.51,77.5
2020-08-21,3397.16,77.620003
2020-08-24,3431.28,78.839996
2020-08-25,3443.62,77.589996
2020-08-26,3478.73,77.699997
2020-08-27,3484.55,78.269997
2020-08-28,3508.01,78.769997
2020-08-31,3500.31,77.010002
2020-09-01,3526.65,78.769997
2020-09-02,3580.84,79.040001
2020-09-03,3455.06,77.730003
2020-09-04,3426.96,78.489998
2020-09-08,3331.84,75.800003
2020-09-09,3398.96,76.529999
2020-09-10,3339.19,75.349998
2020-09-11,3340.97,76.989998
2020-09-14,3383.54,77.400002
2020-09-15,3401.2,77.209999
2020-09-16,3385.49,78.32
2020-09-17,3357.01,79.110001
2020-09-18,3319.47,77.599998
2020-09-21,3281.06,72.830002
2020-09-22,3315.57,72.610001
2020-09-23,3236.92,70.849998
2020-09-24,3246.59,71.330002
2020-09-25,3298.46,71.730003
2020-09-28,3351.6,73.169998
2020-09-29,3335.47,72.790001
2020-09-30,3363.0,73.5
2020-10-01,3380.8,73.25
2020-10-02,3348.44,74.440002
2020-10-05,3408.63,77.099998
2020-10-06,3360.95,76.160004
2020-10-07,3419.45,78.169998
2020-10-08,3446.83,78.620003
2020-10-09,3477.13,78.370003
2020-10-12,3534.22,79.57
2020-10-13,3511.93,78.639999
2020-10-14,3488.67,78.440002
2020-10-15,3483.34,79.470001
2020-10-16,3483.81,80.050003
2020-10-19,3426.92,80.699997
2020-10-20,3443.12,80.050003
2020-10-21,3435.56,78.0
2020-10-22,3453.49,78.099998
2020-10-23,3465.39,78.419998
2020-10-26,3400.97,76.080002
2020-10-27,3390.68,73.459999
2020-10-28,3271.03,71.190002
2020-10-29,3310.11,69.300003
2020-10-30,3269.96,67.360001
2020-11-02,3310.24,70.410004
2020-11-03,3369.16,73.099998
2020-11-04,3443.44,69.360001
2020-11-05,3510.45,69.970001
2020-11-06,3509.44,68.559998
2020-11-09,3550.5,74.0
2020-11-10,3545.53,74.68
2020-11-11,3572.66,73.489998
2020-11-12,3537.01,74.019997
2020-11-13,3585.15,75.529999
2020-11-16,3626.91,78.790001
2020-11-17,3609.53,76.650002
2020-11-18,3567.79,79.230003
2020-11-19,3581.87,80.190002
2020-11-20,3557.54,80.550003
2020-11-23,3577.59,84.639999
2020-11-24,3635.41,86.919998
2020-11-25,3629.65,84.330002
2020-11-27,3638.35,83.510002
2020-11-30,3621.63,80.5
2020-12-01,3662.45,82.489998
2020-12-02,3669.01,80.760002
2020-12-03,3666.72,81.559998
2020-12-04,3699.12,84.610001
2020-12-07,3691.96,83.410004
2020-12-08,3702.25,84.75
2020-12-09,3672.82,85.57
2020-12-10,3668.1,85.419998
2020-12-11,3663.46,86.379997
2020-12-14,3647.49,85.809998
2020-12-15,3694.62,87.68
2020-12-16,3701.17,86.400002
2020-12-17,3722.48,86.279999
2020-12-18,3709.41,85.75
2020-12-21,3694.92,84.690002
2020-12-22,3687.26,83.860001
2020-12-23,3690.01,85.400002
2020-12-24,3703.06,85.610001
2020-12-28,3735.36,86.089996
2020-12-29,3727.04,84.68
2020-12-30,3732.04,85.660004
2020-12-31,3756.07,86.07
2021-01-04,3700.65,85.07
2021-01-05,3726.86,86.639999
2021-01-06,3748.14,91.720001
2021-01-07,3803.79,92.419998
2021-01-08,3824.68,92.029999
2021-01-11,3799.61,92.709999
2021-01-12,3801.19,95.93
2021-01-13,3809.84,93.860001
2021-01-14,3795.54,94.970001
2021-01-15,3768.25,94.010002
2021-01-19,3798.91,95.559998
2021-01-20,3851.85,95.57
2021-01-21,3853.07,94.550003
2021-01-22,3841.47,94.980003
2021-01-25,3855.36,93.339996
2021-01-26,3849.62,92.489998
2021-01-27,3750.77,89.849998
2021-01-28,3787.38,95.040001
2021-01-29,3714.24,91.589996
2021-02-01,3773.86,93.300003
2021-02-02,3826.31,94.370003
2021-02-03,3830.17,95.620003
2021-02-04,3871.74,98.769997
2021-02-05,3886.83,96.440002
2021-02-08,3915.59,97.690002
2021-02-09,3911.23,98.290001
2021-02-10,3909.88,98.269997
2021-02-11,3916.38,98.790001
2021-02-12,3934.83,99.120003
2021-02-16,3932.59,99.029999
2021-02-17,3931.33,99.160004
2021-02-18,3913.97,97.0
2021-02-19,3906.71,99.830002
2021-02-22,3876.5,103.279999
2021-02-23,3881.37,109.620003
2021-02-24,3925.43,112.949997
2021-02-25,3829.34,108.5
2021-02-26,3811.15,106.0
2021-03-01,3901.82,110.650002
2021-03-02,3870.29,107.690002
2021-03-03,3819.72,108.839996
2021-03-04,3768.47,106.580002
2021-03-05,3841.94,113.650002
2021-03-08,3821.35,112.550003
2021-03-09,3875.44,111.269997
2021-03-10,3898.81,114.010002
2021-03-11,3939.34,113.43
2021-03-12,3943.34,115.940002
2021-03-15,3968.94,117.779999
2021-03-16,3962.71,116.480003
2021-03-17,3974.12,120.290001
2021-03-18,3915.46,119.580002
2021-03-19,3913.1,120.300003
2021-03-22,3940.59,118.480003
2021-03-23,3910.52,113.5
2021-03-24,3889.14,114.550003
2021-03-25,3909.52,116.480003
2021-03-26,3974.54,120.199997
2021-03-29,3971.09,119.089996
2021-03-30,3958.55,119.849998
2021-03-31,3972.89,118.660004
2021-04-01,4019.87,119.540001
2021-04-05,4077.91,120.849998
2021-04-06,4073.94,118.629997
2021-04-07,4079.95,119.800003
2021-04-08,4097.17,119.400002
2021-04-09,4128.8,120.059998
2021-04-12,4127.99,121.449997
2021-04-13,4141.59,119.949997
2021-04-14,4124.66,120.5
2021-04-15,4170.42,120.830002
2021-04-16,4185.47,121.019997
2021-04-19,4163.26,121.93
2021-04-20,4134.94,119.010002
2021-04-21,4173.42,122.75
2021-04-22,4134.98,121.629997
2021-04-23,4180.17,124.519997
2021-04-26,4187.62,123.589996
2021-04-27,4186.72,123.389999
2021-04-28,4183.18,128.350006
2021-04-29,4211.47,128.429993
2021-04-30,4181.17,124.43
2021-05-03,4192.66,127.82
2021-05-04,4164.66,127.43
2021-05-05,4167.59,130.130005
2021-05-06,4201.62,132.25
2021-05-07,4232.6,133.979996
2021-05-10,4188.43,133.039993
2021-05-11,4152.1,132.529999
2021-05-12,4063.04,129.149994
2021-05-13,4112.5,133.339996
2021-05-14,4173.85,135.360001
2021-05-17,4163.29,136.919998
2021-05-18,4127.83,134.050003
2021-05-19,4115.68,133.020004
2021-05-20,4159.12,131.179993
2021-05-21,4155.86,131.789993
2021-05-24,4197.05,131.639999
2021-05-25,4188.13,130.029999
2021-05-26,4195.99,130.559998
2021-05-27,4200.88,131.720001
2021-05-28,4204.11,131.440002
2021-06-01,4202.04,132.630005
2021-06-02,4208.12,130.080002
2021-06-03,4192.85,129.460007
2021-06-04,4229.89,131.440002
2021-06-07,4226.52,130.009995
2021-06-08,4227.26,130.679993
2021-06-09,4219.55,129.350006
2021-06-10,4239.18,127.980003
2021-06-11,4247.44,129.130005
2021-06-14,4255.15,127.669998
2021-06-15,4246.59,127.559998
2021-06-16,4223.7,125.150002
2021-06-17,4221.86,118.639999
2021-06-18,4166.45,116.919998
2021-06-21,4224.79,120.190002
2021-06-22,4246.44,120.800003
2021-06-23,4241.84,121.699997
2021-06-24,4266.49,124.300003
2021-06-25,4280.7,124.360001
2021-06-28,4290.61,122.669998
2021-06-29,4291.8,122.360001
2021-06-30,4297.5,124.639999
2021-07-01,4319.94,125.589996
2021-07-02,4352.34,124.830002
2021-07-06,4343.54,121.860001
2021-07-07,4358.13,122.879997
2021-07-08,4320.82,119.870003
2021-07-09,4369.55,123.68
2021-07-12,4384.63,124.989998
2021-07-13,4369.21,121.849998
2021-07-14,4374.3,120.910004
2021-07-15,4360.03,120.059998
2021-07-16,4327.16,116.849998
2021-07-19,4258.49,113.300003
2021-07-20,4323.06,117.639999
2021-07-21,4358.69,120.269997
2021-07-22,4367.48,119.360001
2021-07-23,4411.79,119.900002
2021-07-26,4422.3,120.290001
2021-07-27,4401.46,120.800003
2021-07-28,4400.64,121.269997
2021-07-29,4419.15,119.209999
2021-07-30,4395.26,119.550003
2021-08-02,4387.16,117.540001
2021-08-03,4423.15,118.709999
2021-08-04,4402.66,114.309998
2021-08-05,4429.1,113.809998
2021-08-06,4436.52,114.949997
2021-08-09,4432.35,115.330002
2021-08-10,4436.75,118.860001
2021-08-11,4447.7,122.150002
2021-08-12,4460.83,119.919998
2021-08-13,4468.0,118.400002
2021-08-16,4479.71,116.82
2021-08-17,4448.08,114.839996
2021-08-18,4400.27,113.290001
2021-08-19,4405.8,111.910004
2021-08-20,4441.67,112.519997
2021-08-23,4479.53,113.290001
2021-08-24,4486.23,115.089996
2021-08-25,4496.19,116.599998
2021-08-26,4470.0,115.330002
2021-08-27,4509.37,117.519997
2021-08-30,4528.79,115.559998
2021-08-31,4522.68,114.580002
2021-09-01,4524.09,113.080002
2021-09-02,4536.95,114.300003
2021-09-03,4535.43,113.209999
2021-09-07,4520.03,111.470001
2021-09-08,4514.07,110.400002
2021-09-09,4493.28,109.330002
2021-09-10,4458.58,107.940002
2021-09-13,4468.73,107.919998
2021-09-14,4443.05,105.129997
2021-09-15,4480.7,109.830002
2021-09-16,4473.75,108.790001
2021-09-17,4432.99,108.169998
2021-09-20,4357.73,106.860001
2021-09-21,4354.19,103.120003
2021-09-22,4395.64,104.169998
2021-09-23,4448.98,105.290001
2021-09-24,4455.48,105.760002
2021-09-27,4443.11,106.639999
2021-09-28,4352.63,107.57
2021-09-29,4359.46,104.879997
2021-09-30,4307.54,102.370003
2021-10-01,4357.04,105.209999
2021-10-04,4300.46,105.68
2021-10-05,4345.72,106.160004
2021-10-06,4363.55,104.970001
2021-10-07,4399.76,106.190002
2021-10-08,4391.34,100.849998
2021-10-11,4361.19,98.589996
2021-10-12,4350.65,98.629997
2021-10-13,4363.8,97.919998
2021-10-14,4438.26,100.879997
2021-10-15,4471.37,101.660004
2021-10-18,4486.46,101.209999
2021-10-19,4519.63,102.580002
2021-10-20,4536.19,106.07
2021-10-21,4549.78,105.68
2021-10-22,4544.9,105.639999
2021-10-25,4566.48,106.860001
2021-10-26,4574.79,105.129997
2021-10-27,4551.68,103.389999
2021-10-28,4596.42,107.919998
2021-10-29,4605.38,107.0
2021-11-01,4613.67,110.559998
2021-11-02,4630.65,111.099998
2021-11-03,4660.57,111.779999
2021-11-04,4680.06,113.360001
2021-11-05,4697.53,115.18
2021-11-08,4701.7,116.199997
2021-11-09,4685.25,115.169998
2021-11-10,4646.71,115.779999
2021-11-11,4649.27,115.32
2021-11-12,4682.85,116.019997
2021-11-15,4682.8,115.019997
2021-11-16,4700.9,115.07
2021-11-17,4688.67,113.040001
2021-11-18,4704.54,113.410004
2021-11-19,4697.96,112.410004
2021-11-22,4682.94,113.93
2021-11-23,4690.7,115.669998
2021-11-24,4701.46,115.459999
2021-11-26,4594.62,111.68
2021-11-29,4655.27,111.120003
2021-11-30,4567.0,107.599998
2021-12-01,4513.04,105.610001
2021-12-02,4577.1,109.309998
2021-12-03,4538.43,110.379997
2021-12-06,4591.67,112.050003
2021-12-07,4686.75,113.449997
2021-12-08,4701.21,112.989998
2021-12-09,4667.45,111.889999
2021-12-10,4712.02,112.150002
2021-12-13,4668.97,110.190002
2021-12-14,4634.09,110.360001
2021-12-15,4709.85,110.089996
2021-12-16,4668.67,109.279999
2021-12-17,4620.64,108.230003
2021-12-20,4568.02,105.07
2021-12-21,4649.23,108.190002
2021-12-22,4696.56,109.480003
2021-12-23,4725.79,110.220001
2021-12-27,4791.19,112.120003
2021-12-28,4786.35,112.139999
2021-12-29,4793.06,112.559998
2021-12-30,4778.73,112.260002
2021-12-31,4766.18,112.709999
2022-01-03,4796.56,114.0
2022-01-04,4793.54,119.849998
2022-01-05,4700.58,118.690002
2022-01-06,4696.05,120.339996
2022-01-07,4677.03,119.769997
2022-01-10,4670.29,119.610001
2022-01-11,4713.07,119.980003
2022-01-12,4726.35,118.949997
2022-01-13,4659.03,122.879997
2022-01-14,4662.85,124.129997
2022-01-18,4577.11,124.5
2022-01-19,4532.76,120.199997
2022-01-20,4482.73,117.650002
2022-01-21,4397.94,115.610001
2022-01-24,4410.13,116.760002
2022-01-25,4356.45,116.769997
2022-01-26,4349.93,116.010002
2022-01-27,4326.51,112.489998
2022-01-28,4431.85,111.870003
2022-01-31,4515.55,113.809998
2022-02-01,4546.54,115.919998
2022-02-02,4589.38,113.699997
2022-02-03,4477.44,112.529999
2022-02-04,4500.53,114.150002
2022-02-07,4483.87,112.209999
2022-02-08,4521.54,114.050003
2022-02-09,4587.18,115.550003
2022-02-10,4504.08,115.830002
2022-02-11,4418.64,115.290001
2022-02-14,4401.67,113.720001
2022-02-15,4471.07,115.419998
2022-02-16,4475.01,116.300003
2022-02-17,4380.26,113.160004
2022-02-18,4348.87,111.160004
2022-02-22,4304.76,108.239998
2022-02-23,4225.5,105.32
2022-02-24,4288.7,105.230003
2022-02-25,4384.65,108.32
2022-02-28,4373.94,111.040001
2022-03-01,4306.26,106.82
2022-03-02,4386.54,109.919998
2022-03-03,4363.49,109.690002
2022-03-04,4328.87,106.300003
2022-03-07,4201.09,102.529999
2022-03-08,4170.7,105.150002
2022-03-09,4277.88,107.25
2022-03-10,4259.52,107.599998
2022-03-11,4204.31,106.849998
2022-03-14,4173.11,106.230003
2022-03-15,4262.45,108.519997
2022-03-16,4357.86,109.349998
2022-03-17,4411.67,109.150002
2022-03-18,4463.12,109.459999
2022-03-21,4461.18,109.160004
2022-03-22,4511.61,107.839996
2022-03-23,4456.24,106.190002
2022-03-24,4520.16,107.230003
2022-03-25,4543.06,107.540001
2022-03-28,4575.52,106.050003
2022-03-29,4631.6,108.809998
2022-03-30,4602.45,106.519997
2022-03-31,4530.41,100.650002
2022-04-01,4545.86,99.43
2022-04-04,4582.64,101.470001
2022-04-05,4525.12,98.790001
2022-04-06,4481.15,96.739998
2022-04-07,4500.21,95.5
2022-04-08,4488.28,93.879997
2022-04-11,4412.53,94.489998
2022-04-12,4397.45,94.330002
2022-04-13,4446.59,96.860001
2022-04-14,4392.59,97.470001
2022-04-18,4391.69,96.830002
2022-04-19,4462.21,99.5
2022-04-20,4459.45,99.660004
2022-04-21,4393.66,99.209999
2022-04-22,4271.78,97.379997
2022-04-25,4296.12,98.400002
2022-04-26,4175.2,94.360001
2022-04-27,4183.96,94.279999
2022-04-28,4287.5,94.089996
2022-04-29,4131.93,92.440002
2022-05-02,4155.38,93.989998
2022-05-03,4175.48,94.559998
2022-05-04,4300.17,97.889999
2022-05-05,4146.87,93.879997
2022-05-06,4123.34,92.830002
2022-05-09,3991.24,90.809998
2022-05-10,4001.05,89.760002
2022-05-11,3935.18,87.360001
2022-05-12,3930.08,88.190002
2022-05-13,4023.89,88.120003
2022-05-16,4008.01,87.290001
2022-05-17,4088.85,91.709999
2022-05-18,3923.68,90.199997
2022-05-19,3900.79,89.620003
2022-05-20,3901.36,88.5
2022-05-23,3973.75,90.220001
2022-05-24,3941.48,88.989998
2022-05-25,3978.73,91.269997
2022-05-26,4057.84,92.989998
2022-05-27,4158.24,92.610001
2022-05-31,4132.15,92.910004
2022-06-01,4101.23,91.889999
2022-06-02,4176.82,94.709999
2022-06-03,4108.54,94.389999
2022-06-06,4121.43,96.07
2022-06-07,4160.68,97.300003
2022-06-08,4115.77,96.389999
2022-06-09,4017.82,93.050003
2022-06-10,3900.86,90.82
2022-06-13,3749.63,86.82
2022-06-14,3735.48,86.410004
2022-06-15,3789.99,87.589996
2022-06-16,3666.77,81.370003
2022-06-17,3674.84,81.769997
2022-06-21,3764.79,82.93
2022-06-22,3759.89,82.220001
2022-06-23,3795.73,80.589996
2022-06-24,3911.74,84.769997
2022-06-27,3900.11,84.339996
2022-06-28,3821.55,84.410004
2022-06-29,3818.83,82.889999
2022-06-30,3785.38,82.139999
2022-07-01,3825.33,82.029999
2022-07-05,3831.39,81.18
2022-07-06,3845.08,80.290001
2022-07-07,3902.62,82.0
2022-07-08,3899.38,81.0
2022-07-11,3854.43,80.269997
2022-07-12,3818.8,80.489998
2022-07-13,3801.78,79.949997
2022-07-14,3790.38,79.290001
2022-07-15,3863.16,80.57
2022-07-18,3830.85,80.510002
2022-07-19,3936.69,84.589996
2022-07-20,3959.9,85.400002
2022-07-21,3998.95,85.980003
2022-07-22,3961.63,85.529999
2022-07-25,3966.84,87.230003
2022-07-26,3921.05,86.080002
2022-07-27,4023.61,89.510002
2022-07-28,4072.43,83.970001
2022-07-29,4130.29,86.099998
2022-08-01,4118.63,84.489998
2022-08-02,4091.19,84.639999
2022-08-03,4155.17,83.5
2022-08-04,4151.94,82.980003
2022-08-05,4145.19,83.199997
2022-08-08,4140.06,84.019997
2022-08-09,4122.47,82.290001
2022-08-10,4210.24,85.059998
2022-08-11,4207.27,86.57
2022-08-12,4280.15,86.360001
2022-08-15,4297.14,87.809998
2022-08-16,4305.2,89.019997
2022-08-17,4274.04,85.739998
2022-08-18,4283.74,85.82
2022-08-19,4228.48,84.970001
2022-08-22,4137.99,82.379997
2022-08-23,4128.73,83.580002
2022-08-24,4140.77,83.040001
2022-08-25,4199.12,84.519997
2022-08-26,4057.66,81.230003
2022-08-29,4030.61,80.610001
2022-08-30,3986.16,80.550003
2022-08-31,3955.0,79.760002
2022-09-01,3966.85,79.559998
2022-09-02,3924.26,79.400002
2022-09-06,3908.19,78.300003
2022-09-07,3979.87,79.160004
2022-09-08,4006.18,79.919998
2022-09-09,4067.36,82.349998
2022-09-12,4110.41,82.940002
2022-09-13,3932.69,79.099998
2022-09-14,3946.01,79.059998
2022-09-15,3901.35,79.760002
2022-09-16,3873.33,77.589996
2022-09-19,3899.89,79.269997
2022-09-20,3855.93,77.540001
2022-09-21,3789.93,75.910004
2022-09-22,3757.99,73.830002
2022-09-23,3693.23,71.940002
2022-09-26,3655.04,70.68
2022-09-27,3647.29,70.43
2022-09-28,3719.04,72.169998
2022-09-29,3640.47,71.099998
2022-09-30,3585.62,70.290001
2022-10-03,3678.43,72.790001
2022-10-04,3790.93,77.290001
2022-10-05,3783.28,77.410004
2022-10-06,3744.52,76.379997
2022-10-07,3639.66,74.559998
2022-10-10,3612.39,74.610001
2022-10-11,3588.84,75.410004
2022-10-12,3577.03,74.839996
2022-10-13,3669.91,77.370003
2022-10-14,3583.07,75.690002
2022-10-17,3677.95,77.809998
2022-10-18,3719.98,79.5
2022-10-19,3695.16,79.209999
2022-10-20,3665.78,78.080002
2022-10-21,3752.75,82.099998
